-0.562351,-0.71698,0.9348,0.255275,0.877688,0.0381319,0.563705,-0.809328,-0.0858111,0.31686,1
-0.692585,0.679489,0.389783,-0.475127,0.967948,0.385094,0.748778,-0.371405,0.718312,0.638969,1
0.33014,0.0387513,0.33527,-0.941598,-0.150707,0.230332,-0.374757,0.860374,-0.816487,-0.044518,1
0.101616,-0.378838,0.238502,0.0364153,0.876438,0.11619,-0.925453,0.440142,0.306863,-0.0112639,1
-0.242998,0.614278,-0.331775,-0.853214,-0.860849,-0.363827,0.531879,0.887929,0.264768,0.250191,0
0.526898,-0.405092,-0.711057,-0.137832,-0.34669,0.138236,-0.9075,0.278553,-0.00139047,-0.723987,1
-0.765965,-0.899775,-0.102824,0.472537,0.136641,-0.226387,-0.411273,0.211188,-0.786244,0.89559,0
-0.800076,-0.0292418,0.509868,-0.131851,0.117544,0.649019,0.504322,-0.350577,0.536948,-0.23091,1
0.899615,0.0638459,0.363998,-0.811442,0.926014,-0.982693,0.326794,-0.981486,0.29586,-0.674597,1
-0.705472,0.529895,-0.574372,0.191704,0.00243215,0.562269,0.965317,0.59116,-0.226543,-0.820927,1
0.48675,-0.0266194,0.149831,-0.00338225,0.841529,-0.732625,-0.354364,0.345851,-0.0832017,-0.817416,1
-0.885059,-0.183587,0.24643,0.478939,0.00497068,0.172444,0.496246,-0.668236,0.190959,-0.207894,1
-0.342833,0.485486,-0.677999,0.0827958,-0.32281,0.324434,-0.354935,-0.357493,-0.084407,0.418522,0
-0.17842,-0.597657,-0.608098,0.971411,0.39896,-0.766568,-0.761214,-0.955403,0.579283,0.155585,0
-0.772819,0.694224,0.971998,0.473612,0.173162,-0.0230317,-0.353944,-0.330592,0.308733,0.837015,1
0.461515,0.9659,0.322501,0.783516,0.0486959,0.999691,0.107949,0.693761,-0.357802,-0.976458,1
0.112282,0.463778,-0.574115,0.504184,0.435189,0.824846,0.737616,0.673975,0.869443,0.316899,1
-0.17044,-0.903376,0.0111226,-0.198442,0.570235,-0.815715,0.778526,-0.783709,-0.146307,0.0872586,0
-0.946694,-0.684792,0.0531586,0.375807,-0.901276,-0.898146,0.375498,0.206673,0.795615,-0.982304,0
0.230216,-0.0921027,0.481474,0.656101,-0.587918,-0.0833365,0.480947,-0.850302,-0.409361,0.350389,0
0.466596,0.420199,0.447013,-0.522281,-0.778243,0.0172482,-0.337996,-0.999717,0.233539,0.515698,0
0.0875411,0.286845,0.830906,-0.8593,-0.337348,0.929629,-0.757446,-0.96185,0.136303,-0.961831,1
-0.944154,-0.633481,-0.0539336,0.53732,-0.977381,0.358148,-0.546016,0.503566,0.507846,0.0446228,0
-0.146045,-0.0255579,-0.535178,-0.699032,0.452161,-0.313422,0.318216,-0.885835,-0.313139,-0.448244,1
0.629863,0.774402,0.838601,0.460769,0.915102,-0.498747,0.390398,-0.842344,-0.460597,-0.473299,1
-0.804175,-0.404751,-0.106781,0.141891,-0.86743,-0.0841611,-0.499961,-0.413446,-0.580595,-0.992115,1
0.631176,0.27336,-0.0176728,-0.904002,0.574328,-0.565512,-0.217423,-0.107456,-0.451346,0.469438,1
0.444299,-0.821483,0.24384,0.2829,0.639286,0.158941,0.784153,0.0296836,0.316597,-0.676444,1
0.556385,0.512422,-0.0811943,-0.550396,-0.345687,0.0513755,0.365443,0.154353,0.637929,0.784848,0
0.162238,0.269106,0.0582076,-0.855435,0.365104,-0.367465,-0.420946,-0.85232,0.525079,0.127707,1
0.617118,-0.0306216,0.306224,-0.139042,-0.747721,-0.0544901,-0.980101,-0.963568,0.975194,0.336496,0
-0.640012,0.531578,-0.151082,0.278794,0.981182,0.503231,-0.669831,0.346625,-0.342416,0.968098,1
0.131473,0.819822,0.237204,-0.81032,0.964387,-0.397692,-0.177785,-0.45656,-0.250012,-0.652705,1
0.671148,-0.632894,0.316673,-0.022628,0.228064,0.568952,0.922882,0.247963,0.605383,0.898075,0
-0.415541,0.965371,0.429654,0.433376,0.244165,0.410836,-0.0633924,0.574334,-0.242539,0.594192,1
0.542433,0.888933,0.414013,-0.220363,-0.921387,0.3784,0.381945,-0.0991712,0.92184,-0.868067,1
0.248123,0.592988,-0.500961,-0.435204,-0.42964,0.727103,-0.866252,-0.506758,-0.0249337,0.739131,1
-0.608683,0.559525,0.704503,0.820971,-0.00709853,-0.0513321,0.231806,0.929509,-0.476998,0.989267,1
0.523701,-0.934565,0.8782,-0.0622862,-0.154928,0.956813,-0.683886,-0.772983,-0.142358,-0.762046,1
-0.64105,-0.894234,0.830942,-0.142011,-0.329438,-0.598699,-0.414907,-0.19569,-0.105457,0.560159,0
-0.456559,0.28586,0.119684,-0.752056,0.106831,-0.887415,0.196612,-0.661363,-0.957905,0.719614,0
-0.672096,0.565795,0.785049,-0.793896,-0.496491,-0.369879,-0.837082,-0.180377,-0.142862,0.0205599,1
0.0575765,0.216088,0.126325,-0.111482,-0.925923,0.796887,0.28982,-0.34083,-0.398803,-0.815637,1
-0.780671,0.144639,0.470223,0.339013,0.392583,-0.422946,0.451598,-0.410805,-0.0843083,0.493693,1
-0.691191,0.243596,0.0594878,-0.906141,0.4497,0.562997,-0.27602,0.612618,-0.617381,0.581118,1
-0.366822,0.440196,-0.202794,0.759503,-0.671286,-0.128718,0.556391,0.618534,0.530452,-0.842412,0
0.802897,0.74978,0.302227,0.27312,0.088793,-0.30519,0.850174,-0.459609,0.284005,-0.234134,0
-0.965916,0.592814,-0.990538,0.0935714,0.686673,0.459162,-0.343432,-0.589347,0.0717804,0.0391876,1
0.991771,0.704958,-0.520616,-0.211023,0.464462,-0.191902,0.660259,0.0208526,-0.573368,0.190711,0
0.178441,-0.770472,-0.0595083,-0.519332,0.502648,-0.970715,0.175478,0.352822,-0.430324,-0.540517,0
-0.881312,-0.396241,-0.947702,-0.871851,0.697331,0.738971,0.587312,-0.646101,-0.850376,-0.340908,1
0.393087,-0.858605,-0.63595,0.87247,-0.0696278,0.828512,-0.319432,-0.409369,-0.150635,0.107199,0
0.781343,-0.972195,0.336727,-0.278166,-0.491527,-0.160625,-0.248881,0.683951,-0.807803,0.320795,0
-0.856566,-0.689115,0.924554,-0.804268,-0.560966,0.621885,0.934703,-0.973655,0.975784,-0.915673,1
-0.314563,0.36887,-0.774278,0.0494877,0.24134,0.156094,-0.122,0.921908,0.746726,0.727364,0
0.0291073,0.528068,0.75517,-0.634165,-0.750097,-0.736357,0.20521,0.00102156,0.947594,0.397407,0
-0.678184,-0.908971,0.708291,-0.75363,-0.713239,-0.852675,0.868255,-0.778537,-0.826329,0.844038,0
-0.69421,-0.140892,0.212909,-0.468488,0.908596,-0.545751,0.687606,-0.213405,-0.623843,0.434332,1
-0.48604,0.405264,-0.0375997,-0.730871,0.771099,0.212303,-0.467228,-0.0236915,-0.786675,-0.519633,1
-0.626285,-0.464859,-0.428605,-0.917993,-0.218489,-0.141844,-0.770668,-0.350234,0.079619,-0.596997,1
-0.506196,0.385409,0.262111,0.706713,0.916921,0.170707,-0.839039,0.604528,0.957302,-0.462882,1
0.0388596,-0.528738,0.942382,-0.99874,-0.259608,0.713481,0.213563,0.273164,-0.310211,0.426887,1
0.753531,0.0635045,0.962028,-0.675074,0.145511,-0.256461,0.183081,0.374844,0.393305,-0.7373,1
0.777847,0.887109,0.648109,0.0399577,0.593822,0.565031,-0.789335,0.754783,0.169558,-0.832033,1
-0.708099,-0.791582,-0.360771,-0.765717,-0.790322,0.379621,0.947764,0.42324,-0.347215,-0.362447,0
-0.149872,-0.593685,0.701057,-0.187844,-0.268759,-0.153431,0.555695,0.914322,-0.778588,-0.0510007,1
-0.822977,0.999259,-0.163892,0.825132,0.0392166,-0.57007,0.390163,0.249881,-0.815287,-0.440279,1
0.417848,-0.523386,-0.231861,-0.942922,-0.289103,-0.0221839,0.436698,-0.34134,-0.598944,-0.910517,1
0.296213,0.251184,-0.504201,-0.00272956,-0.93666,0.22704,0.843839,0.619035,0.141362,-0.934748,0
-0.431966,0.318385,-0.93549,0.404142,0.143517,0.103727,0.834072,-0.46632,-0.646392,-0.981216,1
0.0934008,0.771457,-0.504602,0.861539,0.828534,0.206295,-0.160645,0.265233,0.864955,0.240412,1
0.354716,0.161168,-0.508404,0.850514,-0.841562,-0.445064,0.0775539,-0.997722,-0.82603,-0.781084,0
-0.932471,-0.257996,0.537301,-0.867961,-0.853854,-0.319182,0.235767,0.980218,0.214498,0.589375,0
0.999002,-0.692101,0.360831,-0.5056,-0.830562,0.189366,0.700695,0.00879349,-0.545402,0.56565,0
-0.750795,0.809314,-0.273182,-0.259199,0.659828,-0.114744,0.295737,-0.262618,-0.112466,0.469708,1
-0.0437017,-0.0449374,-0.788288,-0.506401,0.087102,-0.642142,0.174417,-0.677131,-0.661923,-0.611085,0
0.912243,-0.662921,-0.303187,0.273075,-0.168521,-0.133749,-0.53756,-0.467826,0.875045,-0.0829616,0
-0.902176,-0.87575,-0.273648,-0.175358,-0.134948,-0.613819,0.709898,-0.839211,0.123563,-0.402569,0
0.630497,-0.920139,0.552494,0.842209,-0.42654,-0.360404,-0.799933,0.747877,-0.0375357,-0.461856,0
-0.863208,-0.125292,-0.124777,-0.166395,-0.852218,0.706702,0.699857,-0.389777,-0.761123,0.574902,0
0.527261,-0.663299,0.699152,-0.746387,0.161342,-0.435796,-0.360206,-0.12876,-0.275007,0.763357,0
0.468671,-0.644511,0.843219,0.0211648,-0.802302,-0.583321,0.660761,-0.602234,-0.835443,-0.376775,0
-0.0640906,-0.698651,0.497932,0.811132,0.134954,0.645715,0.517835,-0.165189,-0.744063,0.756711,1
-0.590287,0.783198,-0.906588,-0.891135,-0.963188,0.254754,-0.326931,-0.323394,-0.874006,0.398061,0
-0.560036,0.594665,0.753551,-0.716817,-0.38417,0.951249,-0.300138,-0.723409,-0.650986,-0.135581,1
-0.100184,0.284924,0.165768,-0.602252,0.0960562,-0.699278,-0.956537,-0.386109,0.135533,-0.7006,1
-0.629398,0.545246,-0.917401,-0.535986,0.654111,-0.880589,0.718769,-0.672821,-0.203983,0.844763,0
0.725241,0.235981,0.439428,0.478791,0.519163,-0.944742,0.43004,-0.780975,-0.668151,0.779055,0
0.0834442,0.231665,0.0639786,-0.750788,0.629413,-0.839965,-0.450067,0.672876,-0.226074,0.685466,1
0.972276,0.144528,0.230712,-0.945125,0.608542,-0.115177,-0.825715,0.327311,0.212002,-0.0296977,1
0.172074,-0.0627571,-0.793717,-0.388498,-0.583966,0.725446,-0.333239,0.846075,0.944472,-0.00139014,1
0.625129,0.0279159,-0.769725,-0.310892,0.277128,0.859687,-0.150857,0.827061,0.532563,0.623068,1
0.512528,0.504839,-0.232404,-0.25676,0.559714,-0.623861,0.628063,0.733999,0.70345,-0.159935,0
-0.295699,-0.124476,0.777308,-0.0894156,0.487026,-0.806658,-0.363969,-0.846213,-0.960583,-0.419497,1
0.152396,0.664546,0.608418,0.382671,-0.646346,-0.114454,0.242359,0.202796,-0.287393,-0.225078,1
-0.174135,-0.774865,-0.720239,0.593461,-0.0316255,0.839475,0.9696,-0.403563,0.573474,0.67305,0
0.436502,-0.722225,-0.451427,0.21381,0.18836,-0.964401,0.407152,0.82439,-0.810614,0.446568,0
-0.595107,0.341782,0.111114,-0.986688,-0.275547,0.464768,-0.101142,0.966812,-0.332436,0.611465,1
-0.258266,0.493429,0.8366,0.0214945,0.0868897,-0.195026,-0.139031,0.0564896,0.401411,-0.565557,1
-0.270461,-0.162087,-0.287782,0.278113,-0.948277,0.900578,0.313712,0.458874,0.724969,0.503098,0
-0.0945577,-0.870138,-0.15512,-0.983444,-0.856827,0.569333,0.481324,0.0420307,0.536145,-0.851112,1
-0.346504,-0.722121,0.642316,-0.509905,0.299373,-0.270794,0.295069,-0.839658,0.785696,-0.30352,1
-0.405215,-0.484765,0.534393,0.307004,0.793347,0.586116,0.207582,0.107059,0.0449902,-0.0674495,1
-0.389843,0.950433,0.0624121,0.455037,0.966989,0.205585,0.0243701,0.448313,-0.752384,-0.439485,1
0.5972,-0.0988885,-0.161606,0.239517,0.391207,-0.862233,0.968723,-0.313724,-0.701891,0.754418,0
0.382756,-0.107105,-0.730347,-0.0828505,-0.800102,-0.936999,-0.496735,0.40748,0.17006,0.548256,0
-0.659969,0.780217,0.498688,0.402443,0.235254,0.465677,-0.391972,-0.740376,-0.0860103,-0.144356,1
-0.179861,-0.48881,0.756755,0.658533,0.750707,0.147962,0.7963,0.71943,0.834238,-0.905591,1
0.473848,0.216994,-0.0126966,0.743501,-0.865856,0.187202,0.806502,-0.362591,-0.405318,-0.0234379,0
-0.814335,-0.0652874,-0.243221,0.684353,-0.662845,0.992033,0.15003,-0.0548168,-0.748343,-0.93598,1
0.800827,0.0717962,-0.42479,0.557582,-0.269671,-0.674083,-0.294456,-0.473371,-0.954653,-0.460218,0
-0.378962,0.519195,0.756776,0.608341,0.262696,0.89092,-0.204457,0.0691982,-0.471671,0.390225,1
-0.95424,-0.286007,-0.675063,-0.197461,-0.601654,-0.337908,-0.205428,0.548376,0.607276,0.0462294,0
0.612396,0.408103,-0.881974,-0.812394,-0.0343148,-0.151645,-0.486478,0.67123,0.374983,-0.441131,1
-0.788988,0.996021,-0.921936,0.967788,0.604362,0.34076,0.858708,-0.600095,-0.590042,-0.612963,1
0.790129,-0.544282,0.10103,-0.884933,0.258258,0.499376,-0.222841,-0.94717,0.0477526,-0.615565,1
0.0990595,-0.339852,0.792538,0.217085,-0.152246,-0.241777,-0.93456,0.361276,-0.570548,0.440423,1
0.920145,-0.359536,0.436444,0.998209,-0.391748,0.0408064,0.338968,-0.53304,0.440711,0.748926,0
-0.146004,0.230841,-0.795356,0.955026,0.345907,0.462902,0.454403,-0.876934,0.515732,-0.497845,1
-0.492499,-0.385209,0.162304,-0.699961,0.831877,-0.989942,0.0582613,0.897316,0.371334,0.487714,0
0.33774,0.291479,-0.871822,-0.225816,0.289687,-0.26357,0.81499,-0.371345,0.20339,0.255702,0
-0.622418,-0.942614,-0.513458,-0.417774,-0.987588,0.832449,-0.954872,0.466815,0.955516,0.56086,0
0.968971,-0.536983,-0.824349,0.131274,-0.236945,-0.992472,0.141332,0.821317,0.904844,-0.487334,0
0.30903,0.242584,0.804144,0.437208,-0.983233,0.0938316,-0.826362,0.831758,0.722487,0.377027,1
0.0874593,-0.899931,0.434413,0.574001,-0.317705,0.446826,0.406451,-0.272578,-0.0863591,0.361967,0
-0.711718,-0.117388,0.824984,-0.536066,-0.986114,-0.411961,-0.528539,0.155218,-0.590644,-0.623694,1
0.667883,0.718386,0.618889,0.472028,0.155593,0.635657,-0.434141,0.329231,0.467415,-0.711654,1
-0.293742,-0.445126,-0.611585,-0.859329,-0.871125,0.0707094,0.587497,0.535326,0.798132,-0.498862,0
-0.102707,-0.913586,0.383749,-0.277724,-0.449652,0.397635,0.310315,0.0218092,-0.447147,0.719671,0
0.398115,-0.779264,0.438056,0.017004,0.692764,-0.40635,-0.347339,-0.741377,0.922881,-0.879925,1
-0.453031,-0.370861,-0.325051,-0.0646161,-0.23019,-0.196176,-0.993907,-0.642693,-0.660849,0.804225,0
-0.141555,0.236444,0.890639,-0.757806,0.95872,-0.559013,0.63983,0.269035,0.462796,-0.807318,1
-0.0112939,-0.139089,-0.586582,-0.573237,0.877915,-0.893818,0.0204125,-0.469424,-0.635195,-0.0567065,0
-0.349349,-0.088226,0.572432,0.3256,0.847158,-0.657757,-0.870575,0.853251,-0.30045,-0.531425,1
0.657476,0.557995,0.705019,0.548116,0.80019,0.663739,0.989103,0.440019,-0.0672259,0.451899,1
0.632701,0.92148,-0.68719,-0.95388,-0.651757,-0.809275,-0.847698,0.368655,-0.278699,-0.482893,0
-0.688051,0.371953,0.428881,0.884381,-0.302447,0.276039,-0.773376,-0.173022,0.12929,-0.073826,1
0.295553,-0.213234,-0.515831,0.000571742,-0.665118,-0.715641,-0.335689,-0.676015,0.724378,0.597085,0
0.775884,0.357079,0.518565,-0.911305,0.403199,0.866807,-0.72058,0.555501,0.235463,0.000721557,1
-0.927392,0.547411,-0.627326,0.501489,0.431793,0.0702271,-0.222473,0.658416,0.897205,0.906817,0
-0.41541,0.192758,-0.306416,0.0687596,-0.806671,0.028466,0.353118,-0.14236,0.352451,0.077496,0
-0.545276,0.128335,-0.565425,0.973289,0.21703,0.837774,0.840097,0.49645,0.393276,0.0755594,1
-0.502828,0.465883,-0.377029,-0.130154,-0.0326278,-0.945237,0.940073,0.7449,0.71318,0.837278,0
0.651717,-0.70223,0.0300353,-0.654699,0.36653,0.223365,0.373767,-0.280352,-0.918996,-0.273782,1
0.797144,-0.464271,0.854553,-0.768281,-0.490982,0.0715833,-0.930506,-0.650885,-0.431966,0.462769,1
0.424674,0.0652053,-0.0713471,-0.952355,0.935051,0.896025,-0.897592,0.875124,0.640925,0.815588,1
0.712402,0.292642,-0.886642,-0.257563,0.637942,0.479888,0.965802,0.0117091,-0.800464,-0.953194,1
0.737927,0.99668,-0.417465,0.59248,-0.7716,0.0915532,-0.335936,-0.702107,0.440668,0.232097,0
0.760663,-0.134658,-0.702698,-0.310684,-0.0870127,-0.767646,-0.414659,0.0153955,-0.892522,-0.773735,0
-0.169017,0.81988,0.518907,-0.0556584,-0.437683,0.156849,-0.57577,-0.471881,-0.831441,-0.376234,1
-0.425075,0.906485,-0.379554,0.15746,0.498966,-0.151155,-0.750987,-0.836971,0.146739,0.689681,1
0.395126,-0.0925988,-0.444976,0.692429,0.596717,0.468011,0.924782,-0.817943,-0.516594,-0.96774,1
-0.591677,0.31439,0.85214,0.92723,-0.741269,-0.585544,0.0840791,-0.317039,-0.0574249,0.252638,0
0.306726,0.5175,0.159123,0.927172,-0.32504,-0.341911,-0.223983,-0.076027,-0.178882,0.922756,0
-0.386346,-0.783756,-0.169843,0.168678,0.908673,-0.573126,-0.363311,0.833455,-0.391069,0.120095,1
0.865715,0.017254,-0.565515,0.717854,-0.0555163,-0.306784,-0.867689,-0.971437,0.376177,0.0748859,0
0.2812,-0.317096,-0.407614,-0.559677,-0.389924,0.267346,0.0984122,0.386093,-0.808681,0.91953,0
0.308849,-0.195027,-0.864226,-0.860994,0.973651,-0.955553,-0.43412,-0.389661,0.877902,0.174811,0
0.730435,0.743617,-0.807935,-0.83508,0.461471,0.136549,-0.141864,0.593782,0.165111,-0.765687,1
-0.331332,-0.553688,-0.0827831,0.261053,-0.113365,0.527293,-0.471601,0.985047,-0.0866141,-0.280282,1
0.904578,-0.777765,0.524691,-0.959648,-0.638759,0.498342,-0.915201,-0.0728795,-0.891319,0.962701,1
-0.898068,0.839116,0.706317,-0.706003,-0.995965,0.167788,0.430545,-0.137829,-0.23843,-0.404343,1
0.0964844,0.430238,0.0419685,-0.986299,-0.308709,0.928604,0.540994,0.21969,0.913651,-0.54562,1
0.939408,0.818229,-0.323385,0.464099,0.858581,0.0378555,-0.0375593,0.94338,0.964976,0.0711219,1
0.906081,-0.933092,-0.0897623,0.612398,-0.639096,-0.0857269,-0.219814,0.791449,0.776444,0.541756,0
-0.612894,-0.127071,-0.0280061,0.429074,-0.11337,0.663285,0.357678,-0.572376,-0.117025,0.271329,1
-0.117996,-0.177617,0.0895582,0.558619,-0.713518,-0.051861,-0.403526,0.248923,-0.108481,-0.43855,0
-0.679955,-0.2024,-0.371642,0.230283,-0.590002,-0.0107382,-0.855444,0.190184,-0.219289,0.921,0
-0.268059,0.167817,-0.206071,0.703935,-0.403109,0.680559,0.367219,0.954569,-0.891817,-0.749806,1
0.225899,-0.00981359,0.0725777,-0.684543,-0.451195,0.35906,0.263596,0.145279,-0.392017,-0.844885,1
0.706729,-0.0719723,-0.0472858,-0.664913,-0.84169,0.362712,0.324349,-0.697134,-0.447104,-0.89494,1
-0.776134,0.284837,0.272877,0.0177946,-0.0112288,0.869768,-0.301647,-0.644009,0.824338,-0.193464,1
-0.393815,0.0502364,0.796722,0.678763,0.365693,-0.654473,0.0378226,-0.370711,0.490806,0.645805,0
-0.215596,0.197536,-0.426167,0.737118,0.532623,-0.267857,0.0998301,-0.143028,0.0350093,0.652726,0
-0.0379684,0.258875,-0.0624371,-0.765092,-0.72333,0.926334,-0.895323,-0.024977,-0.717675,0.929014,1
0.781559,-0.11149,-0.0207491,0.578281,-0.432727,-0.655056,0.923808,0.605095,-0.0257665,0.414614,0
0.250901,0.758637,-0.38785,0.824734,0.495756,-0.855228,-0.443123,-0.404414,0.00174401,0.591886,0
-0.751688,0.963776,-0.149238,0.185875,-0.801316,0.127431,0.112209,-0.696639,-0.897546,0.394534,0
-0.767625,0.884013,-0.716957,0.211626,0.462294,-0.149684,0.55657,0.386102,-0.544589,-0.469196,1
-0.199284,0.706312,-0.710559,0.412866,0.531045,0.785197,0.557638,-0.912078,-0.619217,-0.440618,1
0.679809,-0.370905,-0.476842,-0.46943,0.81497,-0.278158,0.658002,-0.0728211,0.0252025,0.760456,0
-0.678287,0.257578,0.644469,-0.395244,-0.530796,0.106763,0.455072,-0.974226,-0.507135,0.910483,0
-0.443422,0.293581,0.616795,-0.153981,-0.293554,0.14784,-0.368784,-0.735915,0.235762,0.011999,1
-0.176533,-0.0844288,0.641094,0.346624,0.446142,0.456064,-0.931534,0.104144,-0.616757,0.0936683,1
-0.1354,-0.295045,-0.648754,-0.490931,0.309711,-0.17955,0.615832,-0.235217,-0.153776,-0.891303,1
-0.324734,0.402802,0.402278,-0.707939,-0.751179,-0.891275,0.439901,-0.119963,-0.627191,-0.324337,0
0.892036,0.196276,0.591234,0.53313,-0.4571,0.0373759,-0.0108066,-0.388634,-0.858481,0.372436,0
0.705034,0.00611921,-0.922609,-0.94372,0.515188,0.387102,-0.12327,0.131021,-0.848115,0.722954,1
0.239718,-0.172849,0.125755,-0.358003,0.119212,0.374576,-0.249278,-0.440888,-0.745387,0.123531,1
0.234775,-0.853352,-0.680193,-0.173991,0.679778,-0.137293,0.863385,-0.331029,0.474073,-0.995095,1
-0.958592,0.179107,0.011024,-0.881201,0.235387,-0.473788,0.505901,-0.887883,0.657233,0.657786,0
0.835071,-0.103048,-0.515062,-0.0391741,0.538949,0.604149,-0.664598,-0.71033,-0.836738,-0.409986,1
0.413201,0.398037,-0.263337,0.733008,-0.775954,-0.583559,-0.404285,-0.912568,0.0854122,-0.930212,0
-0.907664,0.12682,0.248895,0.10336,0.245618,-0.515718,0.629573,-0.24848,-0.403601,0.286806,0
-0.590694,-0.568531,-0.816242,-0.105756,0.392295,0.722706,-0.501607,0.727697,-0.987624,-0.338345,1
-0.682289,0.425578,-0.940308,0.0543742,0.158585,-0.716262,0.470815,0.7543,-0.62883,-0.443773,0
0.824088,-0.536494,0.683047,0.0729821,0.566866,-0.0713347,0.557264,0.196439,0.680185,-0.846338,1
-0.516755,-0.910509,-0.414868,-0.332997,-0.0162651,0.977427,-0.61029,0.482128,0.705124,-0.597914,1
-0.856217,-0.977164,0.827664,-0.796526,0.0772099,-0.0137511,-0.512788,-0.451975,-0.259451,-0.141618,1
0.104252,-0.435364,0.321888,-0.212701,0.637619,-0.111246,0.715964,0.194882,-0.914806,0.396149,1
0.348545,-0.431561,0.48564,0.933677,0.235442,-0.530625,0.911104,0.625152,0.951503,0.616228,0
-0.972762,-0.904714,0.639064,0.854901,-0.70124,-0.283726,-0.15885,-0.214027,0.264298,0.581699,0
0.644355,-0.631449,-0.853664,-0.0337573,0.155849,0.783954,0.854997,-0.128186,-0.0211637,0.940191,0
-0.732037,-0.672619,-0.49137,0.753603,-0.738942,0.744072,-0.777022,-0.827839,0.369223,-0.825519,1
0.788389,0.396461,-0.730233,0.427453,0.251363,-0.431473,-0.856274,-0.907487,0.3545,0.408025,0
0.674212,-0.00114533,0.776576,0.820547,0.965097,-0.0675751,0.604501,0.820094,0.804239,-0.416662,1
0.760285,-0.927799,-0.0892813,-0.731085,0.825804,0.171776,-0.987013,-0.951218,0.343938,0.38221,1
-0.776737,0.132327,-0.221329,-0.50697,-0.44022,-0.969966,0.0615574,-0.296494,-0.877453,-0.583943,0
-0.888469,0.796758,0.414912,0.888107,0.617306,0.380009,-0.179468,0.221807,0.200104,-0.37523,1
0.805145,-0.0396109,-0.303028,-0.284137,0.229304,-0.477224,0.88764,0.242291,-0.428442,0.231577,0
-0.375499,-0.205179,-0.636096,0.403172,0.287851,-0.0763156,0.433206,-0.650592,0.627191,0.555753,0
-0.234534,0.738722,0.352511,-0.819622,0.626829,-0.0301833,0.560387,-0.552639,-0.808376,-0.239509,1
0.0721314,0.996768,0.72088,0.769103,-0.287368,-0.0498161,-0.708121,-0.399729,-0.807525,-0.136564,1
0.831849,-0.183025,0.658257,-0.804247,-0.779852,-0.0538924,0.119438,0.653354,0.295516,-0.253371,1
0.209106,-0.939019,-0.514649,-0.438383,-0.758641,-0.88782,0.531434,0.801746,-0.440459,0.723058,0
-0.437763,0.631673,0.719826,-0.716883,0.400776,-0.567542,0.233301,0.692654,0.0327292,0.425775,1
-0.44391,-0.135422,-0.757249,-0.785653,0.0603315,-0.537102,0.160455,-0.820231,-0.883748,-0.54403,0
-0.073602,0.325358,-0.483049,0.411749,0.886976,-0.24169,0.523929,0.41841,-0.439944,-0.91653,1
0.141468,0.122293,0.715143,-0.138706,0.405409,0.115918,0.293752,-0.36129,-0.191428,-0.673519,1
-0.935515,0.364663,0.191059,-0.692764,0.57901,-0.74861,-0.229866,-0.260536,-0.56884,-0.113614,1
0.195434,0.357558,-0.788255,0.712386,-0.230694,-0.901279,-0.529304,-0.706764,0.517131,0.030752,0
-0.623294,-0.341402,-0.846955,-0.908151,0.519892,0.558454,0.207767,-0.186356,-0.802836,-0.98366,1
0.140124,-0.73835,0.381002,-0.668817,-0.431114,-0.0399881,-0.417427,0.33902,0.699476,0.013733,1
-0.774594,-0.10509,-0.628709,-0.562849,-0.392704,0.140597,-0.464129,0.0779921,0.433833,-0.946998,1
-0.891256,0.810539,-0.2884,-0.738211,0.902387,-0.768508,0.820243,0.110155,0.0451358,-0.982592,1
0.126494,-0.81474,-0.720943,-0.492503,-0.483557,-0.152057,0.467509,0.0990165,-0.813037,0.166985,0
-0.88725,-0.587631,-0.938105,-0.51596,-0.15048,-0.330809,0.624637,0.385392,0.747183,0.0584698,0
0.438394,0.855927,-0.130992,-0.850006,-0.882284,-0.228604,-0.618514,0.93796,0.88155,0.426622,0
0.955367,0.00804455,0.611882,-0.765575,0.515541,-0.871675,0.0823676,-0.0169503,0.227341,0.269331,1
-0.849966,0.340091,0.6817,-0.788071,0.824131,-0.46878,-0.11888,0.448768,0.916612,-0.371696,1
-0.492762,0.355006,-0.515769,0.376246,0.504999,-0.398053,-0.852358,0.886485,-0.460093,-0.970808,1
0.313107,-0.504726,0.0372367,-0.0750112,-0.270301,-0.447222,0.0533137,0.812066,0.535828,-0.719345,0
0.081397,0.685862,0.620746,-0.236903,0.897791,0.444877,0.294318,-0.221088,-0.106355,0.21093,1
0.407216,0.400883,-0.434065,0.891447,-0.22287,-0.929065,-0.506606,-0.0752285,0.95742,0.0333011,0
-0.0460363,0.270527,0.528575,0.9912,-0.804484,-0.741726,-0.456022,0.24883,-0.92966,-0.920194,0
0.529485,0.151737,0.765668,0.150231,0.914834,0.663459,-0.404892,0.209152,-0.557629,0.488753,1
-0.579919,0.849586,-0.110363,-0.0139836,0.741033,0.666766,0.056951,-0.765573,-0.408462,0.0143709,1
0.267728,0.545502,-0.715102,-0.203697,0.536702,-0.519586,0.0545773,-0.91932,0.729243,0.124917,0
-0.839514,0.258728,-0.723346,0.926154,-0.591041,-0.808511,0.589614,0.00406698,0.40064,-0.968016,0
-0.50718,0.820722,0.881571,0.382457,-0.193262,0.622604,0.0492236,0.863689,0.857031,0.640762,1
-0.12194,0.124759,0.186263,0.162958,0.921063,-0.277035,0.643372,-0.0243597,-0.196354,0.372615,1
-0.899442,-0.0358677,-0.368657,-0.622788,-0.109713,0.0403018,-0.431299,-0.5201,-0.955631,0.969341,0
-0.488115,-0.462811,0.790063,-0.606544,0.919646,-0.403199,-0.98394,-0.03113,-0.53951,0.873091,1
-0.390368,0.33855,-0.00214982,0.795895,-0.498493,-0.0810869,-0.48114,-0.855121,0.894553,0.322506,0
0.517494,0.995111,-0.713362,-0.851163,-0.627677,0.176925,0.189138,-0.0589762,0.656825,0.233507,0
-0.089635,-0.83129,0.770696,-0.299572,-0.437835,0.690343,0.297228,-0.421775,-0.340787,0.757718,1
-0.548685,0.268844,0.0962676,0.449166,0.0647391,0.597775,-0.631921,0.583599,0.742654,-0.737368,1
-0.093895,0.260147,-0.742257,0.192743,0.408984,-0.369934,-0.630332,-0.401878,0.57109,-0.973507,1
0.83163,-0.518545,-0.804797,0.602326,0.181883,-0.242632,0.292669,-0.520889,0.335593,0.951882,0
-0.763171,0.786908,0.220726,0.333097,0.236074,-0.714535,-0.0691282,0.604153,0.869064,-0.326475,1
0.866785,-0.224831,0.933673,-0.875472,0.967912,0.342657,-0.245406,-0.66242,0.940779,-0.674316,1
-0.635927,0.772409,-0.19286,-0.440724,0.374734,0.989022,0.316643,-0.332597,-0.531866,-0.347764,1
-0.380715,-0.295037,-0.560856,0.840011,-0.96194,0.675218,-0.874524,-0.0310686,0.27937,0.99454,0
0.642457,0.146155,-0.230291,0.57613,0.270683,-0.262379,-0.0812135,-0.974723,0.0752015,-0.140434,0
-0.649039,0.439274,-0.368026,0.158101,0.99855,-0.993291,0.147123,0.315193,-0.325888,0.615257,0
0.967429,0.293397,-0.67978,-0.593427,0.133408,-0.641721,-0.918209,0.258884,0.327211,0.361161,0
0.253424,-0.0303323,-0.492684,-0.976867,-0.454203,0.777998,-0.239246,0.464584,0.803276,0.835956,0
-0.675851,-0.845763,0.27523,-0.0438765,0.312338,0.27378,-0.0371679,-0.540539,-0.411026,0.636944,1
-0.925282,-0.443597,-0.0696593,-0.605062,-0.0370243,-0.936252,-0.246783,0.0447664,0.322632,-0.919572,1
-0.594073,-0.423944,0.0500959,-0.0867571,-0.400811,0.595893,-0.308759,0.359943,0.0604773,-0.505483,1
0.195899,0.384627,-0.351246,-0.528871,-0.65925,0.961092,0.744909,0.303582,-0.579446,-0.666117,1
-0.0594736,-0.504728,-0.109715,0.870867,-0.10979,0.853261,0.934615,0.643428,-0.101972,0.257247,0
0.723856,0.303955,0.833303,-0.226048,-0.782802,-0.567508,-0.630155,-0.091561,0.792435,0.430322,0
0.402956,-0.0116666,-0.185051,-0.94829,0.459462,0.1557,-0.987198,0.204372,-0.540718,-0.566644,1
0.538254,0.399808,-0.0713725,-0.57146,0.270675,0.818838,-0.718199,0.205291,0.462265,0.179828,1
-0.537462,0.186121,-0.516217,-0.704158,0.960072,-0.299019,-0.271667,-0.670083,0.60942,-0.479232,1
0.76024,0.0123757,0.509101,-0.424811,0.0640856,-0.0314361,0.730889,0.0768876,-0.827064,-0.80983,1
0.510243,0.71119,0.589979,-0.561129,-0.86027,-0.139346,-0.742292,-0.57847,-0.934055,0.719973,0
0.601359,-0.471517,-0.0939061,-0.914858,-0.175675,-0.133834,-0.213877,0.552658,0.196084,-0.604457,1
-0.926574,-0.0436762,0.407918,0.582528,0.531513,-0.527996,-0.448908,0.262401,0.548892,-0.275973,1
0.452572,0.0591347,-0.564783,0.0425507,0.498005,-0.425053,0.903205,0.755714,-0.00352292,0.96915,0
0.475687,-0.402164,-0.502367,-0.618219,-0.317022,0.321958,0.247947,0.469101,-0.125383,-0.555969,1
0.864643,-0.0519571,0.400355,0.272562,-0.469429,-0.0681326,0.744566,0.0816624,-0.805731,0.293457,0
0.80569,0.646841,-0.647408,-0.759093,-0.310609,0.850597,-0.184147,-0.407404,0.606311,0.81233,0
-0.438254,0.0819974,-0.589834,0.0593796,0.463778,0.0931442,-0.618662,-0.288275,-0.437755,0.255955,1
0.155756,-0.573112,-0.796002,-0.443889,0.69945,-0.265432,0.487978,0.444016,0.816231,0.682247,0
-0.262527,0.62192,0.329087,0.0900646,0.862827,-0.981521,-0.0593382,-0.32132,-0.388925,-0.453027,1
-0.50899,0.172821,0.62897,-0.0988233,-0.767799,0.0927481,0.994321,-0.386461,0.804473,-0.443434,1
0.869494,-0.039771,-0.0165458,-0.926509,0.51634,-0.317096,-0.191941,0.00431751,-0.87308,-0.37571,1
-0.313436,-0.135608,-0.75379,-0.984348,0.954457,-0.890963,-0.96587,-0.104881,-0.212283,-0.354795,1
0.442091,0.278728,0.818027,0.0710614,-0.820096,-0.949773,-0.836191,-0.825775,-0.336234,0.968283,0
-0.269209,-0.46674,-0.0714884,0.714245,-0.393249,-0.555149,-0.602851,0.41481,0.449169,-0.475931,0
-0.9609,-0.864267,0.388461,-0.714689,-0.848615,0.342918,-0.605652,-0.814485,-0.761963,0.182065,1
-0.16928,0.680129,-0.539207,-0.351253,-0.24881,-0.359303,-0.301025,-0.0850006,-0.185078,0.362741,0
-0.116718,0.545713,0.896001,0.811794,0.259958,-0.497248,-0.743355,0.657107,0.917562,0.705813,1
-0.818824,0.956662,0.841546,0.569638,-0.758027,0.992931,-0.0874437,-0.363679,-0.821554,0.150594,1
0.818385,0.00916654,-0.169278,-0.720822,0.657914,0.581912,-0.0801253,-0.643112,-0.503089,0.734797,1
0.719629,0.380193,0.28051,0.61563,0.191987,-0.459532,-0.881618,0.448632,-0.802425,-0.964056,1
0.154445,-0.621248,0.992606,-0.00400852,0.948389,-0.765421,-0.0110775,-0.139054,-0.129101,0.167369,1
-0.988461,-0.310715,-0.823465,-0.157739,-0.0315373,0.834449,-0.575827,0.888337,-0.808663,-0.0789154,1
0.623134,0.910966,-0.698722,-0.0963565,0.526596,0.493265,0.444111,0.644977,-0.0581038,0.641686,1
0.680921,-0.903659,-0.979562,0.673527,0.0923328,0.968827,0.908105,-0.918745,-0.170227,-0.220995,0
0.248624,-0.158688,0.468289,0.425159,0.683574,-0.563248,0.259608,-0.892253,-0.674911,0.450945,0
0.0288316,0.948223,0.361911,0.330109,-0.148133,-0.111494,-0.176626,-0.704022,-0.466516,0.76527,1
0.937664,-0.785595,0.861612,0.958102,0.887931,-0.0460557,0.926929,0.796036,0.0351996,-0.243298,1
-0.424959,-0.716176,0.598014,-0.95667,0.708983,0.281588,-0.519918,-0.0314095,0.389335,-0.194829,1
-0.580465,-0.581833,-0.246605,0.781446,0.748276,0.605262,-0.330048,-0.42835,0.90124,0.203436,1
-0.66308,0.838904,0.417841,-0.801468,0.797006,0.305772,0.152476,0.723935,0.101808,-0.812324,1
-0.519363,0.676849,-0.528501,-0.921349,0.720179,-0.819518,0.360239,-0.799739,0.149073,-0.250426,1
0.00543286,0.568608,0.167741,0.758828,0.350054,-0.083983,0.364089,-0.979994,0.487667,0.265329,1
0.223442,0.824587,0.104232,-0.358717,-0.976881,-0.0987621,0.947055,0.175596,-0.374827,0.0488632,0
0.363271,0.105809,-0.274288,0.834771,0.18446,-0.554108,-0.984747,-0.4553,-0.353847,0.164325,0
0.294274,0.651586,-0.267067,-0.537985,0.410414,-0.917013,0.378032,-0.225497,-0.897007,-0.134301,0
-0.960169,0.326436,-0.309713,0.144064,0.967719,-0.286594,-0.954698,0.914774,0.889002,-0.329526,1
-0.0363629,0.252273,0.776284,0.689349,0.087044,-0.0392559,-0.864759,0.102297,0.505444,-0.218606,1
-0.733378,-0.200282,-0.56702,-0.000444554,0.261733,0.843394,0.0825424,-0.360235,-0.382103,0.185536,1
0.505464,-0.342272,-0.488029,-0.804249,0.801792,-0.52031,-0.0908429,0.847094,-0.605536,-0.201841,1
-0.482432,0.358101,-0.949568,-0.706148,0.0474509,0.137476,0.254596,0.182692,-0.760227,-0.23996,1
0.964086,-0.493605,0.559758,-0.602933,0.505951,-0.178509,-0.759539,-0.411507,0.461256,-0.141643,1
0.774029,-0.03328,0.516085,-0.714,0.162471,0.317877,-0.234309,-0.928372,0.164971,0.160155,1
-0.130213,0.682539,-0.481744,-0.079781,0.976391,0.565707,-0.942305,0.230987,-0.251601,-0.702532,1
0.991026,-0.287514,-0.196137,0.550784,0.109553,-0.690187,-0.627726,0.350013,-0.101694,0.83353,0
-0.79163,-0.327665,-0.19975,0.724456,-0.0416649,0.962721,0.0423331,0.724026,-0.965651,-0.792696,1
-0.115819,-0.0958635,0.889843,0.402437,0.824356,0.866234,-0.0318559,0.88205,0.0972211,0.716543,1
-0.820482,0.0882475,-0.570971,-0.0166189,-0.360969,0.538582,0.293194,0.0113059,-0.111405,-0.808499,1
-0.155164,0.0969653,-0.136164,0.645086,-0.178579,0.822171,0.607808,0.863754,0.546197,0.642157,0
-0.928942,-0.569623,-0.453706,0.960902,0.832814,-0.629351,0.827136,-0.199042,-0.7473,-0.0756426,0
-0.482498,-0.567782,-0.987395,-0.0534692,0.415599,-0.348364,-0.514887,-0.291207,0.662942,0.373707,0
-0.0997059,-0.492222,-0.529327,0.76413,-0.847135,0.292094,0.586301,0.760672,0.155848,0.132497,0
0.402829,0.226907,0.562874,0.949123,0.187808,0.395688,-0.680228,0.0149447,-0.803354,-0.427529,1
0.939302,-0.285852,0.00468926,0.951907,0.660679,-0.579712,-0.396457,-0.854209,0.129081,-0.733515,1
0.519499,-0.970625,-0.225736,0.990171,0.793505,-0.0728716,0.282265,0.379806,-0.312199,-0.561887,1
-0.487697,-0.90937,0.66502,-0.924823,-0.960247,-0.147172,0.470866,-0.640475,0.867773,0.667512,0
-0.0680037,0.807075,-0.61834,0.936686,0.758982,-0.957662,-0.643026,-0.637475,-0.81187,0.486055,0
-0.370989,0.707628,0.515431,0.403274,0.6978,0.308936,-0.669597,-0.0199351,-0.311258,0.0182034,1
0.418178,0.201045,0.108833,0.0831982,0.276222,0.148586,0.936026,-0.252912,0.508111,0.803799,0
-0.5854,-0.559893,0.610874,-0.20374,-0.623207,0.369856,-0.161402,-0.266234,0.732381,0.026728,1
-0.780178,-0.638608,-0.265644,0.735252,0.764666,-0.567844,0.0441879,-0.904931,0.412221,0.73293,0
0.113273,-0.169601,-0.0660253,-0.777894,0.913597,-0.789803,0.370692,0.849623,-0.0427146,-0.121197,1
0.653423,0.371886,0.318911,0.264297,-0.831854,0.695703,-0.365846,0.0067442,-0.57053,-0.633465,1
-0.966528,-0.350709,-0.272073,-0.232172,-0.615457,-0.507406,0.199984,0.428731,-0.412337,-0.387795,0
0.161661,0.700935,0.442603,-0.904364,0.923041,0.3562,-0.694167,0.293734,0.205824,0.263118,1
-0.827463,-0.140753,-0.364996,0.491447,-0.876456,-0.19685,0.187151,-0.242302,0.809894,0.616621,0
0.124233,0.843366,-0.734088,0.85216,-0.388806,-0.349545,-0.655246,0.811178,-0.920813,-0.0675838,0
-0.576617,0.240848,-0.366648,0.865986,0.336484,-0.443607,0.222187,0.642317,0.850126,-0.571989,1
-0.0945647,-0.977337,0.287257,0.540439,0.514111,0.410801,-0.656411,-0.298738,-0.831501,-0.846517,1
-0.682118,0.292732,0.996849,-0.416206,0.144892,-0.391956,0.23425,0.489645,-0.580778,0.313437,1
-0.577939,-0.157395,-0.445715,0.0554129,-0.291408,0.890769,0.611806,0.930779,0.533085,0.461932,1
-0.641211,-0.561479,0.484595,0.646046,0.97896,-0.00129385,0.0568475,-0.677451,0.699968,0.225346,1
-0.523968,-0.98215,-0.481922,-0.527118,-0.398356,0.66297,0.0809254,0.835894,0.152615,0.500148,0
0.149331,0.574676,-0.657247,0.703616,-0.369911,0.0513447,0.594384,-0.758105,-0.0178768,0.12747,0
0.703827,0.340912,0.56599,0.188422,-0.0130414,0.544951,-0.812872,-0.956194,0.8675,0.887096,1
0.269152,-0.656468,0.904946,0.78723,-0.183586,-0.493409,0.4502,0.897339,-0.657515,-0.397185,0
0.397487,0.491816,-0.822509,0.74024,0.195431,-0.19242,-0.208416,-0.210185,0.0494748,0.773708,0
0.917285,-0.246698,0.11462,0.483276,0.941724,-0.898422,0.0282261,-0.871148,-0.854615,-0.104274,0
-0.984052,0.414537,0.239258,0.920895,0.201767,-0.944328,-0.572515,-0.348032,0.953011,-0.23003,1
0.254782,0.350497,-0.738214,0.432273,0.0907372,0.457217,-0.760146,0.882322,-0.752968,0.289328,1
0.656029,-0.835683,-0.95737,-0.229351,0.647593,0.984354,-0.127772,-0.324181,-0.886794,0.0176121,1
0.571545,-0.870845,-0.567851,-0.189197,-0.949951,0.633916,-0.133526,-0.522466,-0.714116,-0.180515,0
0.247504,0.540666,-0.830018,0.50929,-0.0270601,0.26072,-0.0334933,0.212793,0.143041,0.213539,0
-0.497878,-0.20093,0.377856,-0.455248,0.569719,0.0254495,-0.470894,-0.558053,0.701269,-0.357688,1
0.459559,0.272813,-0.228534,0.891708,-0.916384,-0.178484,0.525624,-0.0499097,0.29905,0.811508,0
0.769575,-0.453446,0.352175,0.939558,-0.944156,-0.674885,0.200277,0.0223509,0.537908,-0.656682,0
-0.76411,-0.95997,0.142389,0.613746,-0.415218,-0.287892,-0.360804,0.113887,0.154055,-0.659536,1
0.756199,-0.386386,0.613278,-0.472335,-0.494678,0.696894,0.349181,-0.969054,-0.353016,-0.351769,1
0.842454,-0.583441,0.194785,0.194629,-0.643883,0.250629,0.519744,0.556394,-0.72702,0.0576526,0
0.899713,-0.49113,0.0976826,0.0421013,-0.877384,0.682464,0.754209,-0.238188,-0.203648,-0.091736,0
0.102277,-0.447449,0.521878,-0.284446,0.0802162,-0.972801,-0.587552,-0.570603,-0.941855,0.0594322,0
0.077628,0.9006,0.475992,-0.727587,0.095229,0.832109,0.523042,-0.385027,0.388503,0.796023,1
0.672626,0.288216,-0.695107,-0.229692,-0.669683,-0.572491,-0.547227,-0.915474,0.189321,0.249125,0
-0.00720995,-0.708402,0.801676,-0.485332,0.00715238,-0.118108,-0.458133,0.419601,0.311289,-0.399988,1
-0.520967,-0.611083,-0.499388,0.955024,-0.33867,0.595841,0.787133,-0.815627,-0.789186,0.175636,0
0.980395,0.88344,-0.536148,-0.714712,-0.346252,-0.205831,-0.287203,0.106521,-0.121305,0.902118,0
-0.644354,0.871485,-0.806284,-0.842679,-0.613848,0.200869,0.0392132,-0.0719807,-0.379531,-0.649498,1
0.528031,0.0995018,-0.260581,-0.971357,0.0545262,0.400749,0.624484,-0.158341,0.585122,0.835298,0
-0.982705,0.565517,0.718738,-0.518853,0.850804,-0.627514,0.275316,-0.436399,0.479007,-0.845989,1
-0.534281,0.834653,-0.974505,-0.340564,0.991974,-0.588352,0.860304,0.0311872,0.339667,-0.519227,1
0.381689,-0.132302,0.580275,-0.878892,-0.103658,-0.365199,0.521858,-0.479175,0.476461,0.106979,0
-0.643877,0.493756,-0.327504,-0.925139,0.974903,-0.4767,-0.552653,0.250219,0.0869017,0.926354,1
0.40423,0.552621,0.761006,0.429725,-0.787943,0.752981,0.841373,-0.927639,-0.215832,0.18104,1
-0.446866,-0.834143,-0.951262,-0.866591,-0.713034,-0.0549204,-0.23179,0.808823,0.465905,-0.755329,0
-0.0841977,0.822028,0.738427,0.588298,0.896889,0.71333,-0.888401,-0.655764,-0.0364509,0.1985,1
-0.72941,-0.632221,-0.248879,-0.968404,0.797503,-0.0368218,0.784577,0.638876,0.035539,-0.431255,1
-0.180085,0.588673,-0.265398,-0.131347,0.722082,0.0215675,0.813733,-0.509708,-0.169609,0.279638,1
-0.265037,0.746193,0.101667,-0.52661,0.334491,-0.00144408,-0.81328,0.44609,0.342792,0.150269,1
-0.35541,0.613382,0.518048,0.395712,0.644979,0.315551,-0.64111,0.429556,-0.0455731,0.394429,1
0.998301,0.774342,-0.0168983,-0.267098,-0.357004,-0.294816,0.75447,-0.543271,0.195476,-0.415139,0
0.736367,0.930439,-0.668947,-0.161967,-0.596171,0.665545,0.836589,-0.409451,0.111634,0.179381,0
0.740818,0.756224,-0.207236,0.258866,0.151936,-0.562258,-0.425583,0.510826,0.867298,0.528844,0
-0.0947454,0.865598,0.303186,0.888356,-0.401499,0.946182,-0.40646,-0.647029,-0.597089,0.789016,1
-0.0621685,-0.860723,0.719455,0.268885,-0.0226892,-0.876717,-0.0655705,-0.1861,-0.286168,-0.953936,1
0.993282,-0.54535,0.802288,-0.213955,0.713516,-0.0457757,0.223787,-0.712068,-0.53495,0.0910853,1
0.816776,0.370305,-0.0433163,0.119962,0.258661,0.555185,0.0661437,0.852201,0.908155,0.469054,1
0.641217,-0.154013,0.608332,0.360671,-0.885128,-0.414358,0.483955,0.0493015,0.399542,-0.802213,0
0.0953653,0.392824,-0.347563,-0.102346,-0.821131,-0.634047,0.851878,0.402657,-0.346115,-0.683072,0
-0.506258,-0.529339,0.687233,0.450426,0.590623,-0.0541063,0.00561011,-0.343233,-0.201906,-0.0862344,1
-0.874179,-0.560689,0.759753,0.734153,0.799982,0.874625,-0.680205,0.283937,-0.076074,0.719338,1
0.481724,-0.980709,0.112162,-0.865839,-0.0830551,0.291031,-0.499887,-0.231177,-0.306313,0.153999,1
0.0857508,0.187429,0.62466,-0.227016,-0.362145,0.215283,0.718877,0.643465,0.87205,-0.483028,1
-0.442769,0.997871,-0.0437173,-0.683017,0.732024,-0.243735,-0.808392,-0.948181,-0.959798,0.115534,1
0.771157,0.521925,0.134825,-0.116682,0.656086,-0.94823,-0.825651,-0.843801,-0.179407,-0.131964,1
0.310197,0.906343,-0.944534,-0.0651427,-0.320673,-0.306679,-0.84986,-0.601796,-0.663214,-0.97781,1
-0.0848243,-0.105984,-0.979939,0.871458,0.210999,0.752085,-0.372277,0.402607,0.803904,-0.332075,1
-0.48186,0.575061,-0.81015,0.652965,-0.541621,0.845935,0.704735,-0.367272,-0.997866,-0.474672,1
0.500764,0.312332,-0.568329,0.55623,-0.752811,0.110998,-0.750449,-0.602671,0.509202,-0.413664,0
-0.58048,-0.575622,0.480352,-0.560419,-0.704164,-0.308649,-0.808334,-0.0764405,-0.906042,0.995571,0
0.591484,-0.387901,0.570631,0.781334,-0.734936,-0.97099,0.627269,0.969799,-0.338262,0.629404,0
-0.504873,-0.837498,-0.0582644,-0.0732016,0.718732,0.188925,-0.962203,0.968283,0.586254,0.546999,1
-0.445381,-0.994226,0.971377,-0.965029,-0.554645,-0.732787,-0.273677,-0.362979,0.190772,-0.179719,1
-0.367408,-0.217743,0.43238,-0.796777,-0.436409,0.697444,-0.767767,-0.80914,0.667243,-0.106029,1
0.820264,-0.83763,0.0564736,-0.238001,0.0891687,-0.224794,0.950924,0.126965,-0.256511,0.537178,0
-0.326036,0.298108,0.542952,-0.354659,0.33308,0.988307,-0.0874462,-0.940598,-0.374671,-0.896674,1
-0.120317,0.257921,-0.114417,-0.687937,0.461144,0.449173,-0.990493,0.693377,0.640033,0.67675,1
-0.412652,0.460297,0.83912,0.643822,-0.777704,-0.0717113,-0.580972,-0.82678,-0.944746,0.162517,1
0.710398,-0.270782,-0.539375,0.253351,0.374559,0.793705,0.241658,-0.712887,0.853107,0.866986,0
-0.609561,-0.267209,0.124907,0.276022,0.0448536,-0.413949,-0.274805,0.0543603,-0.720572,-0.634772,1
-0.26889,-0.133223,0.825525,-0.42977,-0.489401,-0.952179,0.498519,-0.0703732,-0.778958,0.553773,0
-0.907856,0.93144,-0.717009,-0.447231,0.184791,0.65755,-0.653526,-0.573552,0.944662,-0.800419,1
-0.706565,-0.664899,-0.0676285,0.418342,0.611123,0.977225,-0.995607,-0.663682,0.0315853,-0.716178,1
-0.298454,0.762695,0.150598,-0.472929,-0.667074,0.661197,-0.425107,0.831444,-0.409176,-0.204066,1
0.385217,-0.317032,-0.272626,0.668208,0.235737,0.912165,0.325758,0.58221,-0.661387,0.27042,1
0.781791,-0.367952,0.605521,-0.285837,-0.94961,0.216644,-0.308612,-0.945217,0.552961,0.722973,0
-0.661395,-0.745493,0.485668,0.489203,-0.218422,0.818594,0.1504,0.356471,0.650038,0.741224,1
-0.847595,0.0352556,-0.575808,-0.120221,-0.296536,0.659928,-0.208056,-0.970778,0.242139,0.130558,1
0.299642,0.0239301,0.762606,-0.0948372,0.738093,0.812996,-0.878193,-0.570519,0.867779,0.674768,1
-0.847546,-0.793616,0.929275,0.638122,0.695587,-0.289146,0.456716,-0.154012,-0.932675,0.106755,1
-0.412788,-0.78027,-0.85799,0.0114036,0.0995092,-0.154526,-0.328668,0.891454,-0.125305,0.913471,0
0.0220113,-0.825663,-0.062599,-0.215383,0.0794999,-0.324506,-0.402387,0.201307,0.104974,-0.534608,1
-0.123925,0.257428,-0.328223,-0.19465,-0.10445,-0.632636,0.516204,-0.647733,0.213352,0.583529,0
0.459021,0.800563,0.803258,0.601031,-0.188033,-0.0972324,-0.553495,0.483299,-0.205779,0.321201,1
0.39677,0.816232,0.495538,-0.665829,-0.39915,-0.424962,0.00966482,0.198463,0.776344,-0.885361,1
0.663855,-0.347581,0.372068,-0.664368,0.457769,-0.732382,-0.297004,-0.0260269,-0.380115,0.916347,0
-0.442498,-0.921094,0.716911,-0.63924,0.679937,-0.471122,0.263527,-0.873557,-0.987823,-0.942251,1
0.447643,0.408947,0.873981,-0.0568188,0.743118,-0.525169,0.518219,-0.247218,0.673293,0.294563,1
-0.132578,0.337148,0.946982,-0.760511,0.67278,0.404751,-0.492893,-0.624224,-0.621276,0.126992,1
-0.707877,-0.0637741,0.205898,-0.990966,0.296986,-0.114165,-0.462088,-0.439487,0.0122775,-0.449912,1
-0.381738,-0.540079,0.959035,-0.507757,0.403102,0.702152,-0.0329263,-0.0786792,-0.545065,-0.359633,1
-0.784116,0.322356,0.977515,-0.837134,0.561846,0.650296,0.567617,-0.931047,-0.973929,0.946342,1
0.195945,-0.681805,-0.117432,-0.598158,-0.672771,-0.820446,0.287677,-0.13486,-0.259933,-0.700046,0
0.415228,0.358329,-0.240125,0.374263,0.850572,-0.837023,0.0764155,-0.182354,0.0842981,0.53135,0
0.458013,0.300182,-0.146293,0.435528,0.463048,-0.584448,0.0858238,0.0306654,-0.515495,0.111895,0
-0.0229929,0.68045,0.43009,0.859575,-0.917708,0.757319,-0.960872,0.369969,-0.377541,-0.220805,1
0.669923,-0.962313,-0.862476,-0.570202,0.41195,0.988096,-0.407224,-0.511634,-0.194259,0.677074,1
-0.980284,-0.736246,-0.0227442,-0.126578,0.699282,-0.559696,0.288975,-0.214894,0.470969,0.77348,0
0.897001,-0.552023,0.45393,0.327091,-0.692449,0.536221,0.0844097,-0.65332,-0.09381,0.706868,0
0.125875,-0.423887,0.744555,0.263399,0.00591152,0.156505,0.251494,0.598687,0.644871,-0.942764,1
0.275761,0.664587,-0.67901,-0.746983,-0.461991,-0.979728,-0.306679,0.826984,-0.194622,-0.83571,0
0.600464,-0.297621,-0.387733,0.0543933,-0.97053,-0.080182,-0.409385,0.11388,0.266498,0.496805,0
-0.179252,-0.607628,-0.927082,-0.434696,0.655771,0.0788292,0.721809,-0.092735,-0.322484,0.36668,0
-0.0354993,0.953277,0.0312666,0.28549,-0.793706,0.569276,0.305762,-0.100385,0.39626,-0.88886,1
0.0639053,-0.00327658,-0.186481,0.676172,-0.948883,-0.15701,-0.40401,-0.358269,0.95687,0.862487,0
-0.861464,-0.222382,-0.74514,-0.788546,0.342922,0.91063,0.290283,0.0647307,-0.182105,0.967799,1
-0.568589,0.782396,0.921077,0.462677,0.0678864,-0.872629,0.0319531,-0.626351,0.026986,-0.571787,1
-0.515211,-0.909109,0.424936,0.298308,0.767063,0.476053,-0.858702,-0.636947,-0.882216,-0.901833,1
-0.774459,-0.74368,-0.124215,-0.5196,-0.532226,-0.781293,-0.608969,0.758057,0.283438,0.208926,0
0.725856,0.714848,-0.00867808,0.646933,0.177526,-0.940792,0.774303,-0.790521,-0.567143,-0.19871,0
-0.362308,-0.082354,-0.107819,-0.937372,-0.784046,-0.340756,0.538681,-0.642748,0.0222972,0.656465,0
-0.544581,0.247838,0.912785,0.331205,0.728238,-0.619441,0.549911,-0.880731,-0.861385,-0.166651,1
0.328194,0.864471,-0.451802,-0.680484,0.511404,0.725723,-0.621275,0.285707,0.935202,-0.188418,1
-0.913003,-0.427106,0.729228,-0.0208225,-0.364479,0.945182,0.638422,-0.825798,-0.697566,-0.339281,1
0.830667,-0.242147,0.908557,0.743452,-0.910942,0.636795,-0.87599,0.638969,0.756063,-0.737374,1
-0.527682,0.0842575,-0.872903,0.0205159,0.403774,0.6385,-0.253761,0.782499,-0.0757924,-0.318559,1
-0.40592,0.0112043,0.254335,-0.676692,0.990382,0.889856,-0.73151,0.628803,-0.935942,-0.429076,1
-0.710478,0.894725,0.328777,-0.801921,0.638176,0.417835,0.834873,0.762186,0.0568044,0.590936,1
-0.975188,0.529123,-0.324806,-0.848091,-0.450361,-0.921032,0.790409,0.295878,0.861466,-0.285383,0
0.977319,-0.544453,0.725821,0.231654,-0.221145,0.716203,0.12151,0.0473454,0.345006,0.185568,1
0.61827,0.634528,0.0802926,-0.0529528,0.832607,-0.281531,-0.635118,0.66748,-0.519345,0.421687,1
0.258416,-0.494533,-0.0491904,0.93361,-0.342624,0.500448,-0.987423,-0.552215,-0.203674,0.874044,0
0.162401,-0.226355,-0.670409,-0.111778,-0.994701,0.108446,-0.395575,0.126809,-0.844209,0.949431,0
-0.687623,0.774061,0.583959,0.39267,-0.278892,0.416565,-0.888861,0.0859905,0.0840452,-0.408206,1
-0.492323,-0.657539,0.0972609,0.458487,-0.723929,0.754636,-0.0410647,-0.711351,-0.797579,0.755262,0
-0.837308,0.364822,-0.471093,-0.507717,-0.746956,-0.465794,0.600729,-0.142531,0.661015,0.75652,0
-0.1931,0.973393,0.530581,-0.609142,0.366063,-0.748311,0.807424,0.477202,0.337679,-0.108531,1
-0.931004,0.845357,0.23393,0.166257,0.303844,0.510001,-0.079107,-0.737221,0.79865,0.123314,1
-0.98196,0.961342,-0.511864,-0.453053,-0.546375,-0.25882,0.0811534,-0.945646,0.598649,-0.257831,1
0.810874,-0.594451,-0.284438,0.341454,-0.203593,-0.918375,0.593143,-0.396169,0.558827,-0.0691777,0
0.4953,0.627822,-0.223821,-0.27077,-0.205921,-0.919978,-0.760768,0.714972,-0.657199,-0.962119,1
-0.161714,-0.639158,0.999224,0.326422,-0.0922109,-0.547151,-0.932398,0.988942,-0.492797,0.666252,1
-0.268889,-0.681923,-0.928199,0.446673,0.659531,-0.131792,0.528298,0.252674,0.472039,0.0871244,0
-0.816504,-0.0326611,-0.285053,-0.040325,0.696569,0.509025,0.0396975,0.935801,0.223997,0.382499,1
0.973682,-0.937717,0.743341,0.972906,0.388705,-0.34887,-0.574245,0.456308,-0.359928,-0.0670422,1
0.122559,0.371184,0.251034,0.19436,-0.182143,-0.0894349,-0.937432,-0.653846,-0.836761,0.534607,1
0.433279,-0.653265,-0.498054,-0.851775,0.30641,-0.801485,0.657251,-0.653892,-0.865684,-0.118752,0
0.728607,-0.892002,-0.0564689,0.471947,-0.919096,-0.667764,-0.876923,-0.493341,0.788544,-0.236851,0
0.439617,-0.088897,-0.865667,-0.309349,-0.894537,-0.0478104,0.601216,-0.831969,0.298344,0.764455,0
0.702638,-0.268377,-0.88881,-0.795416,-0.120152,0.4176,-0.596901,-0.462901,0.763708,-0.462585,1
0.418347,0.492315,-0.354587,-0.638122,-0.0357379,-0.273683,-0.305885,0.0873392,0.232976,-0.517342,1
0.850489,-0.327408,0.393761,0.984822,0.363243,0.499224,-0.0629886,-0.0355408,0.667255,-0.764645,1
-0.271086,0.369893,-0.0330215,-0.159895,0.574477,0.846827,-0.742295,0.977576,-0.616074,-0.978587,1
-0.485009,0.802274,0.513728,0.160404,-0.835848,-0.52201,0.886721,-0.141733,0.565329,0.119697,0
0.340925,0.415818,0.792289,-0.265314,0.400639,0.155532,-0.76609,-0.662349,-0.880009,0.901166,1
-0.426994,-0.151094,0.271059,0.539985,0.68901,-0.154464,0.386812,0.946715,-0.176887,0.770738,1
0.968128,0.338104,0.573012,0.481856,-0.501492,0.737164,0.959846,-0.614771,-0.404569,0.525175,0
0.504926,0.936356,-0.0590075,0.297215,-0.328958,-0.658368,-0.547253,-0.095048,-0.320717,-0.427262,0
-0.193882,0.252289,0.421644,-0.922823,-0.207726,0.110654,-0.077287,-0.820914,0.0573695,0.745826,1
0.949823,0.0254977,0.0839301,0.522835,-0.492646,0.582439,0.259999,-0.532801,0.967668,0.85543,0
0.992374,0.472594,0.791785,-0.0666333,-0.230191,-0.537173,0.274999,0.222556,0.367779,0.954282,0
0.795294,-0.826103,0.206571,0.216938,-0.748926,0.998844,-0.672407,0.173787,-0.82207,0.384962,1
-0.0803875,-0.872247,-0.58954,-0.996457,0.650589,-0.0821863,0.585981,-0.0894122,0.385013,0.553649,0
-0.233982,0.377387,0.0262428,-0.442197,-0.689246,0.796052,0.0206303,0.585753,0.0186075,-0.61159,1
0.540034,-0.186098,-0.437693,-0.253395,-0.96916,-0.18662,-0.254551,-0.641567,0.987167,-0.0766207,0
0.743396,-0.0932209,0.0511328,-0.846144,-0.0896783,-0.298279,0.0716693,-0.503697,0.612309,-0.543318,1
-0.950048,-0.621673,0.83407,0.0761945,-0.06387,-0.855176,-0.127754,0.95676,0.730576,0.890854,0
-0.65483,0.270611,-0.295244,-0.0925235,-0.982784,-0.264404,0.720857,-0.237335,0.0940292,0.708023,0
0.686044,-0.162575,-0.385198,-0.262823,-0.00871962,0.525124,0.438899,-0.93705,-0.978573,0.0512078,1
-0.480368,-0.928622,0.429535,-0.646298,0.147573,-0.634335,-0.501475,-0.980181,-0.677575,-0.770898,1
0.910673,-0.332405,0.499712,-0.384572,0.575072,0.516928,0.351024,0.295928,-0.720407,-0.554947,1
0.00395123,0.965637,0.282478,0.618753,-0.297186,-0.726242,0.143877,-0.858288,-0.663292,0.165304,0
0.19292,-0.14366,0.236682,-0.377545,0.210042,-0.615745,-0.0118804,0.708567,-0.595926,0.310545,0
0.937669,-0.685253,0.97814,0.437381,-0.0698252,0.553211,-0.0456911,-0.718801,-0.150861,0.233902,1
-0.273748,0.853091,0.199538,-0.99127,0.471844,0.902352,-0.717511,-0.384279,-0.955935,-0.380803,1
0.781025,0.236985,0.475537,0.0177074,0.85944,-0.314421,0.401962,-0.152441,-0.605854,0.806036,1
-0.841896,-0.668185,-0.879217,-0.863756,0.769196,0.0509577,0.689455,-0.276495,0.332157,-0.461406,1
0.957407,-0.941591,-0.608315,0.156945,-0.932861,0.863529,0.0592976,-0.650372,-0.52075,0.103362,0
-0.0311746,-0.739725,-0.659653,-0.555637,0.277983,-0.800213,0.129942,-0.320055,0.0473461,0.524088,0
-0.514019,0.20545,0.855904,-0.393236,0.341694,0.6251,0.657722,0.0311485,-0.651395,-0.0101216,1
0.569743,-0.693988,0.0482874,0.961427,0.462958,0.115427,0.824956,-0.477745,0.465055,-0.695794,1
0.625617,-0.566119,-0.435519,0.965965,-0.121757,0.842464,-0.834249,-0.991815,-0.477591,0.213098,1
0.532273,0.00839011,-0.581452,0.388177,0.615154,0.760241,0.0132771,0.272876,-0.20861,0.361882,1
-0.737246,-0.638868,0.667895,0.311042,-0.67744,0.130852,-0.573531,-0.852484,0.653107,0.891524,0
-0.548278,0.278725,-0.674596,0.0162037,0.244689,0.203647,-0.141332,0.410441,0.211833,0.381077,1
-0.376462,-0.255894,-0.610533,0.0420858,-0.867717,-0.995379,-0.197673,0.14556,0.277497,0.593717,0
-0.492557,0.540251,0.954849,-0.824663,-0.148707,-0.722591,0.30619,0.277762,-0.575075,-0.040703,1
0.169285,-0.123353,-0.761978,0.49469,0.892851,0.482711,-0.301663,-0.248481,-0.106848,0.91017,1
-0.867405,0.51669,-0.345724,-0.477938,-0.441224,-0.213441,-0.473317,0.361103,0.932119,0.80418,0
-0.0451804,-0.560438,0.344431,-0.0903313,-0.385101,-0.804276,0.187078,0.921089,0.473486,0.612003,0
-0.119614,-0.357229,-0.51135,0.118408,-0.862539,-0.618499,-0.398881,-0.164202,0.133019,0.494271,0
-0.254032,0.265614,0.0109607,0.400243,0.787676,0.569737,-0.813198,-0.685641,-0.0691604,-0.881078,1
-0.881461,0.885659,-0.441516,0.46297,-0.204672,0.173383,0.658694,0.982406,0.0944717,0.132179,0
0.594408,0.974858,0.77495,-0.916942,0.0932651,0.912411,-0.535441,0.694384,-0.251791,0.597578,1
0.188654,0.494176,-0.136808,-0.800385,-0.10558,-0.349131,0.769352,0.0812219,-0.0347721,-0.299809,0
0.200144,0.0837667,-0.414149,0.758627,-0.453264,0.381179,-0.0679901,-0.79457,0.363584,-0.973518,1
0.337609,-0.0420078,-0.998661,0.112559,0.0410501,0.0946042,0.0249702,0.505609,-0.211012,0.773179,0
0.103187,0.977643,0.267355,0.966379,-0.822742,-0.838225,-0.382752,0.94661,0.242996,0.582476,0
-0.353199,-0.55686,-0.333758,0.232652,-0.798233,0.212979,-0.38617,0.133777,0.418409,0.977414,0
0.160259,-0.243982,-0.0645934,0.161598,0.868577,0.976457,-0.743798,-0.106452,0.482065,0.0451899,1
-0.333274,-0.414748,0.0228325,0.934081,-0.448369,0.20009,-0.904144,0.168878,0.1467,0.338852,0
-0.248646,0.793501,0.781992,0.417596,0.0261527,0.983759,-0.369425,0.639983,0.117536,-0.951016,1
0.617398,-0.722205,-0.194998,-0.447196,0.439393,-0.326421,-0.470739,0.695594,0.567127,-0.988674,1
-0.259216,-0.766147,-0.403422,0.763617,-0.832066,0.148209,-0.036293,-0.73621,-0.682913,-0.889593,0
0.602642,0.0684411,0.903908,0.384635,-0.513963,-0.0699396,0.368394,0.116612,-0.429957,-0.51407,1
0.165596,-0.812559,-0.236275,0.970598,-0.259755,-0.796882,-0.355823,0.269506,0.898712,-0.788696,0
0.280832,-0.360504,-0.554843,0.87741,-0.596887,-0.386908,0.0256188,0.36682,-0.123118,0.342706,0
0.477227,-0.520476,-0.588853,0.381135,0.864159,-0.102816,-0.688805,0.232553,-0.986203,-0.118762,1
0.718483,0.179393,0.0686794,-0.517792,0.149991,0.808925,-0.314674,0.794169,0.0784305,-0.415962,1
-0.994527,-0.640737,0.223534,-0.54937,-0.763327,0.626648,0.0637215,0.262292,-0.00653238,0.940603,0
-0.395003,-0.529306,-0.579872,0.0161443,0.851829,-0.715713,0.913329,-0.836976,0.51684,0.927125,0
0.0442623,0.235323,0.106518,-0.887058,0.717531,-0.743491,0.921866,-0.597143,-0.949322,0.000296724,1
-0.0131045,-0.943849,0.359559,-0.78957,-0.493219,0.596232,0.837078,0.570502,-0.141476,-0.169455,1
0.511105,0.463521,0.30124,0.931233,-0.520335,0.153069,-0.78448,-0.607006,0.316092,0.732359,0
-0.679881,-0.639645,-0.0323179,0.426638,-0.526704,-0.314787,0.683147,-0.604837,0.0880706,0.733825,0
0.395459,-0.925034,0.789976,-0.244981,-0.714604,-0.703244,-0.648749,-0.877526,0.867258,0.209774,0
-0.0469811,0.378364,-0.326705,-0.745741,0.309597,0.152961,0.407327,0.525117,0.545955,-0.27658,1
0.257476,0.866074,0.0837744,-0.774842,0.292712,0.557071,-0.0896285,-0.0241413,0.952233,0.998442,1
-0.290316,0.347693,-0.926592,-0.50034,-0.897289,-0.641196,-0.203584,-0.546038,-0.518722,-0.336326,0
0.663737,0.434297,-0.957962,-0.662968,0.688556,0.351635,0.489993,0.0958829,-0.123248,0.0359474,1
0.819303,-0.865772,-0.0979787,-0.0969231,-0.640613,-0.805267,-0.539852,0.269758,0.170592,-0.587619,0
0.2682,0.880275,0.760074,0.341608,-0.620065,0.862785,0.700413,0.176351,-0.683253,-0.818309,1
0.840025,0.980484,0.615988,0.882064,-0.682484,0.304544,0.233699,0.807509,-0.599573,-0.889549,1
-0.156544,-0.780271,-0.75532,0.745478,0.122806,-0.395934,0.94021,0.582954,0.873824,0.110802,0
0.995335,0.142024,-0.00892266,0.755409,-0.516367,0.371012,0.618194,-0.815954,-0.452637,0.934941,0
-0.634263,-0.612612,0.915425,0.981725,-0.730548,-0.767059,0.286269,0.503151,-0.95955,0.686695,0
0.613602,-0.116093,0.906424,0.858282,-0.370616,0.0292305,-0.537652,-0.430405,-0.387816,-0.663828,1
0.680397,-0.392481,0.478197,-0.328526,-0.637072,0.96183,-0.957514,0.981121,-0.854125,-0.410151,1
0.916063,-0.488388,-0.0227625,0.831488,-0.506663,0.246689,-0.93557,0.779606,-0.25016,-0.89512,1
0.466301,-0.636558,-0.0112135,0.372725,-0.778277,0.618171,-0.598044,-0.315929,-0.812235,0.01414,0
0.0202435,0.868162,0.621659,-0.50156,-0.460364,0.984586,-0.53973,-0.417877,0.965708,-0.393855,1
0.171972,0.88177,0.117757,-0.85079,0.713258,0.611094,0.395899,0.777688,0.3907,-0.854261,1
0.882568,-0.142999,-0.490819,-0.128646,-0.770274,-0.269096,-0.510475,-0.368318,0.414975,-0.322709,0
0.645822,-0.564781,-0.454547,0.267481,-0.0663407,0.0850892,0.252067,0.393929,0.667212,0.217775,0
-0.999926,-0.160816,0.0995457,0.117832,-0.0116063,-0.187196,-0.271074,-0.615707,-0.409508,-0.880374,1
-0.469969,-0.52694,-0.0233737,0.039212,0.344414,0.206352,0.770116,0.833939,0.838034,0.185092,1
-0.48877,0.483856,0.620311,0.0566829,-0.248663,-0.44603,-0.858228,-0.996595,0.947899,0.808984,1
0.22118,0.947973,-0.351832,-0.679275,0.0658049,0.636562,0.13353,0.794731,-0.979146,0.724022,1
0.914356,-0.449114,-0.802918,-0.109017,0.590098,0.541496,-0.902665,0.360214,0.375436,0.935369,1
-0.454694,0.886666,0.419226,-0.834384,-0.0566514,-0.829437,-0.280414,0.0851207,-0.826033,-0.332515,1
-0.105895,0.395147,-0.384541,0.542273,0.715872,0.681263,0.178835,-0.150598,0.475994,0.199689,1
-0.426576,0.39035,0.750575,-0.229494,-0.718667,0.340672,-0.687998,-0.621332,-0.299114,0.687438,1
-0.685963,0.246192,0.574103,0.733263,0.411808,-0.482548,0.903826,-0.868606,0.602572,-0.922207,1
-0.20112,-0.503323,0.47294,0.414338,-0.96105,0.188812,0.0956018,0.217785,-0.961785,-0.428404,1
-0.582526,-0.388362,0.961946,-0.831951,0.382144,-0.756721,0.508721,0.694146,-0.378053,-0.790393,1
0.381584,-0.0640156,0.455799,-0.0443132,-0.330753,-0.132392,0.473139,-0.426927,-0.000998009,0.075711,0
-0.349134,0.797882,0.572388,-0.876194,0.21222,0.611338,0.312618,-0.692178,-0.170877,0.350833,1
-0.120582,0.246597,0.962471,-0.158636,0.414645,0.344615,0.0846433,-0.0766335,0.0387612,0.70659,1
0.132974,-0.579655,-0.357425,-0.411227,0.376032,0.311822,0.456381,-0.15083,0.884895,-0.544617,1
0.924881,-0.464239,-0.746735,0.497269,-0.340433,0.465485,0.108608,0.972185,0.773306,0.937731,0
0.323017,-0.347276,0.184328,0.285489,0.494088,-0.401027,-0.369896,-0.421268,0.52234,0.668865,0
-0.714678,-0.344687,-0.91079,-0.0721033,0.244087,0.465241,-0.760281,-0.299532,-0.685589,-0.875386,1
0.15585,-0.760708,-0.339625,0.409115,0.736562,0.319941,-0.1254,-0.154831,0.292126,-0.352094,1
-0.2171,-0.384857,0.30063,0.967228,0.900632,-0.205281,-0.433799,-0.469264,0.37345,-0.91146,1
-0.800399,0.658772,-0.256146,-0.711189,-0.413331,0.98794,0.754052,-0.173612,-0.311592,-0.931537,1
-0.0489984,0.844259,-0.692244,0.611376,0.253374,-0.955683,-0.0686828,-0.872027,-0.110513,-0.776557,0
-0.224121,0.672387,-0.161414,-0.92349,0.639614,-0.260782,-0.128771,-0.794185,0.269954,-0.755321,1
-0.705645,0.469555,0.903451,0.038209,0.758365,-0.50988,0.0261495,0.512417,0.316508,0.714558,1
0.58088,-0.73249,0.558816,0.888636,0.878886,-0.18781,0.932953,-0.189797,-0.0598368,-0.17756,1
0.0336463,0.716043,-0.505173,0.872233,0.792553,-0.865559,-0.388549,-0.336219,-0.659744,0.881405,0
-0.0915398,-0.365389,0.35096,-0.188088,0.67282,0.109325,0.302032,-0.30103,-0.378258,-0.38146,1
-0.586472,-0.797378,-0.11395,0.972344,-0.908742,-0.235064,-0.215466,-0.975789,0.57514,0.724697,0
-0.153349,-0.391214,0.44074,0.341477,-0.518981,0.233292,0.475918,0.0924696,0.897073,0.816174,0
-0.0261255,-0.194466,-0.549214,-0.675166,0.617445,-0.876394,0.434159,-0.0805229,-0.177424,-0.944099,1
0.538017,0.236104,-0.741477,-0.575932,0.208447,-0.65022,0.189004,0.992981,-0.626009,-0.235856,0
0.717678,0.220642,0.37293,0.158418,-0.437881,0.853948,-0.60829,-0.961963,-0.053582,-0.711217,1
0.854211,0.920293,0.0943171,-0.695003,-0.754873,-0.288238,-0.571397,0.679286,0.631239,0.251178,0
0.735186,0.169257,-0.512718,0.993709,0.593324,0.69573,-0.656511,-0.217672,0.688711,-0.28252,1
0.546472,0.406389,0.938122,-0.0805982,-0.435193,-0.499759,-0.22665,-0.0434829,-0.461723,0.719768,0
0.245301,-0.607512,0.640061,-0.660382,-0.302515,0.885187,0.0513799,0.126087,0.564473,-0.317381,1
-0.622734,0.299659,0.851876,-0.135452,0.293368,0.4452,-0.439722,0.636857,-0.772471,-0.751012,1
-0.645663,0.774001,0.655377,-0.707541,-0.306597,-0.779816,-0.2073,0.466753,0.176702,0.330977,1
0.186521,-0.577998,0.723465,-0.173418,-0.23838,-0.57905,-0.288231,0.813,0.547038,-0.723758,1
-0.504381,0.924304,0.575901,-0.652505,-0.211148,-0.130731,0.792695,0.349129,-0.493874,-0.979776,1
0.598118,-0.139537,0.794224,0.253495,0.152922,-0.512373,0.473679,0.945622,0.95438,-0.349619,1
0.276599,0.140901,0.0723831,6.39749e-05,0.967483,0.834003,0.421014,-0.320748,0.647003,-0.0319479,1
-0.0445061,-0.857379,-0.107644,-0.468605,-0.509884,0.681208,0.400664,-0.717189,0.0303368,0.90679,0
-0.696965,-0.371546,-0.232747,-0.902741,0.881949,0.920175,-0.415114,0.355629,0.865797,-0.460734,1
-0.99399,0.142395,0.680167,0.0783929,-0.857541,0.64765,-0.0876041,0.563473,-0.673098,-0.440601,1
-0.468474,0.282396,-0.29798,0.423881,0.813791,0.192136,0.105089,0.214455,0.474947,-0.864574,1
0.121245,0.777982,-0.23612,0.888498,0.875242,-0.354171,0.808673,-0.539872,-0.998542,0.674469,0
-0.000605681,-0.992532,-0.183136,-0.320439,0.0858609,-0.0406765,-0.672789,0.998257,-0.477203,-0.345887,1
-0.442345,0.0543225,0.936508,0.259675,-0.521796,0.750299,-0.548188,0.583293,-0.0352463,0.926759,1
0.718718,-0.914002,0.704742,-0.517402,0.974496,0.579983,0.128428,0.783168,-0.959889,0.129886,1
0.457637,0.0395056,0.137354,-0.725498,0.719067,-0.776785,0.233825,-0.953722,-0.778528,0.756622,0
-0.299609,-0.220873,-0.189055,-0.3631,-0.961197,0.289149,-0.612801,-0.509386,-0.127559,0.351953,0
-0.582627,-0.40884,0.437951,-0.877885,0.0737582,0.412446,0.702098,-0.797814,0.195615,0.742209,1
0.332072,-0.346748,-0.218285,-0.530574,-0.0722462,-0.499218,-0.307359,-0.838421,-0.45294,-0.0858872,0
0.918201,0.247452,0.69324,-0.270854,0.884351,0.732042,-0.981706,-0.72845,-0.777343,-0.109264,1
0.623503,-0.35997,0.481895,0.0614533,-0.237855,-0.444346,-0.5261,-0.535757,-0.24216,0.669515,0
-0.793548,-0.910088,-0.677233,-0.0118328,-0.440662,0.250521,0.488949,0.251979,0.4121,-0.963991,1
-0.833908,0.330301,0.283461,0.859331,-0.940554,0.167812,0.591374,-0.922259,0.439362,0.814031,0
-0.0315235,0.0628648,-0.545939,-0.549628,-0.875682,0.216205,0.0060256,-0.401782,0.680448,0.763865,0
-0.732267,0.8869,0.853777,-0.409501,-0.124932,-0.586885,0.84102,-0.635983,0.665094,0.253119,1
-0.599974,0.831185,-0.41658,0.683487,0.690517,-0.357133,-0.148701,0.281891,-0.279393,-0.709338,1
0.0959212,0.689084,0.353527,0.549982,-0.860544,0.477845,-0.233813,0.145481,-0.923937,-0.553365,1
-0.0906533,-0.656205,-0.666464,-0.236876,-0.0657054,0.208603,0.176239,-0.224686,0.57262,-0.158668,0
-0.971566,0.972646,-0.327482,-0.388146,0.656134,-0.636966,0.254721,-0.492567,0.644925,0.975328,0
-0.201905,-0.259154,0.664412,-0.848379,-0.709172,0.803868,0.629466,0.057015,-0.0506511,0.705529,1
0.50365,0.858696,-0.950676,0.837186,-0.378181,-0.0163815,0.0457893,0.798058,0.758933,-0.381591,0
-0.36061,0.787367,-0.408944,0.311908,-0.600779,-0.752811,0.674943,0.653941,-0.245378,0.319868,0
0.629269,0.552717,-0.939286,0.293681,0.704338,-0.648458,0.0975482,0.333804,0.408557,-0.953103,1
0.0393327,-0.0877927,0.905593,0.0886566,-0.250607,-0.472588,-0.927725,0.795183,-0.67453,0.831208,1
-0.586408,-0.0351394,0.618575,0.00464764,-0.723231,-0.982205,0.251837,0.951711,0.671736,-0.993541,0
0.271579,0.301005,0.559176,0.332293,-0.405314,0.263514,0.683835,0.692234,-0.402682,0.0923922,1
0.739132,0.636651,-0.995401,0.644724,-0.274692,-0.246007,-0.827864,-0.202417,-0.450825,-0.502394,0
-0.371209,-0.0372327,0.462467,-0.752635,0.967415,0.739236,-0.734839,0.219252,0.690947,0.936897,1
0.225711,-0.0374737,0.237903,-0.215113,-0.705181,0.832589,-0.951599,0.978655,0.524823,-0.35428,1
0.0710467,0.263955,-0.717629,0.0756462,-0.0913211,0.00767852,0.829639,0.0808152,0.805261,-0.621186,0
0.578422,-0.565948,0.341582,0.0408886,-0.318582,0.308997,-0.219876,-0.0534216,-0.471751,-0.528928,1
-0.116524,0.75396,0.433598,-0.878622,-0.461153,0.728417,0.953967,-0.412752,0.707072,0.47879,1
0.232968,-0.221881,-0.257255,0.515338,0.853765,0.651424,-0.476983,0.683404,-0.267761,-0.671722,1
-0.937782,-0.689339,-0.23767,0.4038,0.351549,0.443748,-0.287203,-0.868326,-0.609674,0.241045,1
-0.397255,0.273802,-0.00499513,-0.963657,0.39518,0.533851,0.76476,0.349147,-0.878901,0.471832,1
-0.172062,0.354067,-0.750049,0.570683,-0.130595,-0.896284,0.222107,0.392422,0.787119,0.954346,0
0.7207,0.849338,-0.734993,-0.516969,0.253138,0.616556,0.926779,0.965934,0.74823,-0.682895,1
0.20698,-0.649025,0.590907,-0.798015,-0.612682,-0.0139121,0.735836,-0.847921,-0.664765,0.856935,0
0.623911,0.163173,0.211002,0.873862,-0.266144,-0.919592,0.977578,0.955963,0.47283,0.764697,0
0.910308,0.19353,0.614035,-0.824685,0.676561,-0.132828,0.791871,0.60334,-0.166893,0.540101,1
0.920445,-0.959914,0.891076,0.511353,-0.757929,-0.721605,-0.502559,0.977907,-0.569526,-0.167324,0
0.834842,-0.945615,0.995849,0.0458447,0.928247,-0.270295,0.126252,0.905825,-0.314333,-0.400918,1
0.670522,-0.404024,0.792612,0.284557,-0.228709,0.469174,-0.848271,-0.436838,0.0725135,-0.0151641,1
-0.896737,-0.00704117,0.0249224,0.994339,-0.495688,0.266993,-0.727266,0.00175227,0.2449,-0.296792,1
0.834428,0.0797428,-0.242407,0.830277,-0.874413,-0.314161,-0.440018,0.25184,-0.408336,0.245649,0
0.850922,-0.737815,0.841625,0.643535,0.546742,-0.387084,0.112708,0.698471,0.176078,-0.814778,1
-0.316693,0.279341,0.17818,0.708229,0.273681,0.682492,-0.0247773,0.546415,-0.315756,-0.779877,1
-0.750377,-0.481327,0.299866,0.00721544,-0.65105,0.425453,0.693055,-0.0910682,-0.322707,-0.715281,1
-0.845419,-0.471785,-0.453096,0.996206,-0.82825,-0.906354,-0.390877,0.284458,0.792117,0.785201,0
0.469679,-0.524576,0.0645424,-0.35214,-0.816347,-0.661777,-0.669648,0.158876,0.884639,0.014596,0
0.378999,-0.865739,0.533269,-0.321135,0.141477,0.882218,-0.895682,-0.165468,-0.20885,-0.218389,1
0.11925,-0.0542687,0.309827,0.666154,-0.0580623,0.481576,0.7598,0.55106,-0.233966,0.551917,0
0.336261,-0.764287,-0.972658,-0.599196,-0.116427,-0.789005,-0.260973,0.213925,0.369871,-0.376335,0
-0.771479,-0.25113,-0.242073,0.761789,0.427735,0.899404,0.644008,0.532053,-0.266065,-0.564842,1
-0.686336,0.853186,0.380889,0.623491,0.51934,-0.677173,0.105067,0.27914,0.873887,0.871101,0
-0.168942,0.210148,-0.893185,-0.141601,0.610952,-0.0096121,0.0693941,-0.650021,-0.795687,-0.560735,1
-0.0263555,-0.567166,0.188135,0.731571,-0.805377,-0.38413,0.630975,0.838631,-0.852077,-0.635089,0
-0.726211,-0.538413,-0.781904,0.654678,-0.914922,0.737436,0.977505,0.190146,0.0165764,0.851392,0
0.061247,0.847634,0.0615403,0.168062,-0.293967,-0.327508,-0.84155,0.775427,0.0224713,-0.637238,1
-0.785308,0.996116,-0.204404,0.402827,0.727687,-0.00978064,-0.981303,0.358662,-0.17115,-0.83338,1
0.723573,0.102639,-0.371793,0.941669,-0.242683,-0.286714,0.679105,-0.265178,0.903431,-0.304318,0
-0.413787,-0.0353215,-0.456684,0.647754,-0.86726,0.249349,-0.679754,-0.70881,0.0247765,0.342717,0
-0.346048,0.239469,0.338833,0.449549,-0.357704,0.0665203,-0.560232,-0.339007,-0.574817,0.268618,1
-0.172387,-0.851244,-0.628743,0.455821,-0.909575,0.128574,-0.830893,0.76953,0.863396,-0.927462,0
-0.534788,-0.550391,0.0372165,0.00852813,-0.902637,0.169957,-0.742123,-0.582391,0.461147,0.282654,0
0.760326,-0.884901,-0.477877,0.099159,0.564647,0.164419,-0.834321,-0.995585,0.825412,-0.409138,1
0.273033,-0.346975,-0.260382,0.644291,-0.891154,-0.169957,-0.227135,-0.722047,-0.400427,-0.36374,0
-0.649509,0.0647851,0.0858691,0.387707,-0.926687,0.183232,-0.442336,-0.668809,0.60084,-0.981189,1
0.613844,0.361166,-0.86609,-0.864033,-0.539675,0.698557,0.300386,-0.373996,0.702972,0.125798,0
0.216866,-0.023994,0.778824,0.956484,-0.379703,0.88767,-0.213474,0.393161,-0.834377,0.386099,1
-0.970579,-0.483887,-0.549116,0.115291,0.903821,-0.475803,-0.701478,-0.538515,-0.144612,0.899362,0
-0.519704,-0.530768,0.260528,-0.385795,-0.3948,0.720853,-0.687237,0.905586,-0.653143,-0.984265,1
0.0313837,0.563724,-0.00825901,-0.189793,0.520207,0.612038,-0.302123,-0.693267,0.00519886,-0.1365,1
0.692832,0.0346203,0.379613,-0.856283,-0.850089,0.283434,-0.332086,-0.551567,0.744919,0.523302,0
-0.652205,-0.774785,0.992535,0.608323,-0.16058,-0.402266,0.329177,0.152183,-0.49668,0.676034,0
0.167918,0.534704,0.239758,-0.840341,-0.655089,-0.240035,0.771696,0.0427879,0.0666981,-0.223105,0
0.906288,-0.240469,0.811515,0.285901,-0.0967528,0.961426,-0.430665,0.571161,-0.590141,-0.685746,1
0.0944635,-0.242346,-0.460532,0.0869982,-0.634022,0.378888,0.684733,0.695154,-0.468929,-0.811948,0
0.371189,0.698988,0.722756,-0.389054,0.858647,-0.932333,0.370911,0.630343,0.110455,-0.562391,1
-0.592762,0.0167422,0.19714,-0.781247,-0.697357,-0.899613,-0.81982,-0.128023,0.671548,-0.409961,0
0.186231,-0.233988,0.347693,0.725699,0.85301,0.713671,0.104587,0.537742,0.408825,0.635658,1
0.725795,-0.219986,0.334646,0.448551,0.39096,0.193293,0.516218,-0.238129,-0.176364,-0.373328,1
0.19948,0.230874,0.643415,-0.60338,0.449628,0.946057,-0.502993,0.629807,-0.181965,-0.831445,1
-0.780154,-0.995734,-0.0654336,0.567539,0.729965,-0.212424,0.28121,-0.165448,-0.674681,-0.309965,1
-0.52979,-0.948886,0.470049,0.804856,0.499664,-0.138991,-0.00185074,0.0158821,0.62288,0.821785,0
0.642554,-0.17764,0.0526595,0.285969,0.218979,-0.497713,0.232026,0.715986,-0.867906,-0.949939,1
0.884541,-0.64806,-0.945673,-0.180893,0.919479,0.784292,0.606683,0.200688,-0.381156,0.932002,0
0.890723,0.0890543,0.983116,0.360772,-0.106089,0.48278,-0.77822,0.89206,-0.501338,0.84466,1
0.713845,-0.858783,-0.332981,-0.233495,0.427186,0.885999,0.268792,-0.340788,0.601985,0.400886,1
-0.290727,0.486526,0.752826,-0.2364,-0.694367,0.672305,-0.452108,0.912316,-0.127007,0.166737,1
0.844319,-0.236284,-0.744209,0.827434,-0.875512,0.149701,0.310215,-0.653732,0.0417613,0.808877,0
-0.809072,-0.244394,0.950093,-0.142053,0.522111,0.377279,-0.256054,-0.209097,-0.963509,-0.654069,1
-0.808211,-0.254236,0.832456,0.944615,0.509364,-0.861911,0.616919,-0.942743,-0.949594,-0.510087,1
0.223993,0.894724,0.253629,0.479784,0.722159,0.378117,-0.370514,0.032373,0.724385,0.671247,1
-0.15875,0.915312,-0.573147,-0.208657,-0.226741,0.948964,-0.831378,0.517205,-0.260133,-0.794887,1
0.863136,-0.0683441,-0.0491228,0.695592,-0.123729,-0.539758,0.833681,-0.50681,-0.482502,0.884087,0
-0.0168974,0.741492,0.778811,-0.763269,0.221276,0.500969,0.614848,0.850761,-0.466657,0.339233,1
0.522008,0.374592,0.254545,0.948862,-0.834064,-0.972196,0.897826,-0.665442,0.545009,-0.362306,0
-0.460329,0.408145,0.569349,0.490548,0.103737,-0.55438,0.95079,-0.0625821,-0.0611901,-0.531712,1
-0.178495,0.921913,-0.79022,-0.399684,-0.841356,0.431055,-0.898715,0.773492,0.281817,-0.365372,1
0.112725,-0.196175,-0.99078,-0.63273,-0.247313,-0.824844,-0.604926,-0.349486,-0.490286,0.940084,0
0.288207,0.0493846,0.348228,-0.142443,-0.460067,-0.548035,0.303177,-0.509277,0.389383,-0.758014,0
-0.0409891,-0.789112,-0.836101,0.168791,-0.188797,-0.677457,-0.400154,-0.0875114,-0.903965,0.881663,0
0.547116,0.20876,-0.314511,0.556336,0.57603,0.438176,0.731492,0.971105,-0.911311,-0.758794,1
0.911188,0.376896,0.29059,0.259416,-0.765547,0.830523,0.711381,0.53763,-0.678754,0.100764,1
0.779616,0.280257,0.311652,0.943515,-0.550952,-0.877144,-0.733942,0.0488938,0.0353442,-0.637907,0
-0.0694431,-0.417539,0.570853,0.616045,-0.861203,0.146883,0.0542212,0.870289,0.117988,0.142911,0
-0.888505,0.0291761,-0.480193,0.402085,-0.711407,-0.24574,0.232608,0.999974,-0.70811,0.553854,0
0.100738,-0.928494,-0.165889,-0.587609,-0.984979,0.283159,-0.464754,-0.718922,-0.667948,0.57059,0
-0.356828,0.262609,-0.846949,-0.785975,-0.121345,-0.708152,0.360908,0.932876,-0.837863,-0.521104,0
0.0757864,-0.726368,0.508073,0.595593,0.675717,0.796665,-0.650147,-0.0916748,0.796639,-0.358257,1
-0.537821,-0.102622,-0.286752,0.29629,0.309768,-0.271731,-0.420551,0.845014,0.00934742,-0.0884985,1
0.415605,0.652519,-0.825889,0.568656,0.866544,0.0527656,0.860504,0.227452,-0.0143585,-0.977359,1
0.706349,-0.938572,-0.703727,0.214421,0.657021,0.97199,0.0110863,-0.993125,-0.119685,-0.192275,1
-0.351383,0.342495,0.705103,0.361866,-0.361215,0.0148712,-0.909865,0.218234,-0.140114,0.0994822,1
-0.870264,-0.72451,-0.247999,-0.696153,0.844146,-0.381455,0.356612,0.70465,0.845997,-0.657746,1
0.727292,0.552346,-0.596319,-0.976435,-0.233233,-0.939297,0.995555,0.777853,-0.932423,-0.12413,0
-0.414421,-0.283805,-0.781635,-0.709318,-0.92194,-0.14285,0.305553,-0.831805,-0.924616,-0.834561,0
0.267677,-0.79488,-0.559071,-0.980321,-0.491034,-0.714925,-0.361776,0.865578,0.989726,-0.515779,0
-0.792168,0.717017,-0.963433,-0.388487,0.740582,-0.196666,-0.327784,0.736137,-0.418813,-0.260207,1
-0.387993,0.166766,0.455988,-0.169629,0.457448,0.534048,0.687521,-0.236999,0.702243,0.762905,1
-0.0715603,-0.0300792,0.968024,0.369369,-0.0104007,-0.523009,0.654444,0.627823,-0.657431,0.64417,0
-0.887956,-0.449599,0.361187,-0.85139,0.161914,0.101769,-0.0480558,0.83413,-0.162094,0.533132,1
-0.426077,0.449913,-0.300102,-0.970089,-0.719716,-0.842654,0.563959,0.967805,-0.0796531,0.266203,0
0.73071,0.848787,-0.763876,0.698734,0.218155,0.225723,-0.824275,-0.127401,-0.146454,-0.481706,1
-0.483231,-0.0344106,0.0686944,0.877957,0.1142,-0.769392,-0.0202739,-0.933856,-0.935262,0.817632,0
0.599276,-0.361339,0.267545,-0.700827,-0.331428,0.547829,-0.543481,-0.767468,0.515634,0.376866,1
0.498734,0.246344,0.225653,0.734858,-0.0549213,-0.556192,-0.0394193,0.120804,0.316407,0.814126,0
0.639097,0.833177,-0.220284,-0.292208,0.711134,0.893915,-0.0615998,-0.30914,0.960059,0.0031385,1
-0.491508,0.559335,0.6418,0.776037,0.858508,-0.689628,0.323866,-0.684973,-0.457096,-0.1605,1
0.691893,-0.958362,-0.914156,-0.082454,0.776496,0.0309231,0.361354,-0.262923,-0.848273,-0.322239,0
-0.448797,0.790824,-0.489062,0.330919,-0.501384,-0.777928,0.224834,0.437016,-0.0870684,0.184894,0
-0.559845,0.421423,-0.255771,-0.918045,0.19746,-0.397263,-0.607673,-0.478674,-0.0822357,-0.0647693,1
0.360826,-0.390342,-0.0231312,0.44667,0.527204,-0.246635,-0.522406,-0.111442,0.490441,-0.37068,1
0.566319,-0.958356,-0.579856,-0.922743,0.372563,-0.0812394,-0.700671,-0.402603,-0.644223,0.212261,1
0.782291,-0.204068,-0.366316,-0.473481,-0.122114,0.831145,0.129256,0.270213,-0.647529,-0.952979,1
-0.794556,0.713297,-0.343322,0.182313,0.159967,-0.816118,0.935678,0.637561,0.0724395,0.426119,0
-0.733119,-0.361241,0.467763,-0.312974,-0.283984,-0.159674,0.605786,0.0153451,0.437723,0.961563,0
-0.772394,0.220014,-0.242505,-0.13871,0.746533,0.635381,-0.307565,-0.12421,-0.0944053,0.0449054,1
-0.0771899,0.111039,-0.241798,0.579488,-0.706648,0.918169,0.76337,-0.77097,0.55573,-0.16419,0
0.655149,0.822611,0.474568,0.122912,-0.490363,-0.809416,0.963238,-0.884577,0.205929,0.400961,0
-0.923014,0.433535,-0.379025,-0.165519,-0.705175,-0.632491,-0.530138,-0.0127399,0.243298,0.375457,0
-0.967834,-0.833892,-0.513504,-0.209632,0.745597,-0.220152,-0.291463,0.508967,0.00887726,-0.735733,1
-0.655223,-0.335974,-0.913121,0.819345,0.786938,-0.403484,-0.990071,0.750176,-0.288061,0.215858,1
0.151137,-0.211075,-0.350607,0.772113,0.623406,-0.0557815,-0.860379,-0.906732,0.931479,0.382919,1
0.468725,0.963644,0.549028,0.955221,-0.245988,0.294624,-0.264931,0.462549,-0.196409,0.743946,1
0.726816,0.148368,-0.592028,0.813695,-0.0322873,-0.80509,-0.58979,-0.0223583,0.945086,0.122149,0
-0.8065,0.0962229,0.911074,-0.157107,-0.131664,0.534479,0.787112,0.00795683,0.627748,0.71859,1
-0.609124,0.0964727,0.682234,0.939904,0.0516937,-0.563754,0.234528,0.786762,0.898795,-0.96188,1
0.530708,0.625611,0.186487,0.93868,0.439306,-0.8458,-0.86641,0.849516,0.131842,-0.921325,1
-0.0283346,0.325342,0.174898,-0.117261,-0.831765,-0.956766,-0.582781,0.955346,0.0511906,-0.955034,0
0.673937,0.442067,0.141439,0.356171,0.381971,-0.806867,0.792417,-0.383501,0.979895,0.691212,0
-0.345381,0.510603,0.316823,0.841106,0.449284,-0.243871,0.995306,0.582873,-0.394354,0.127148,1
0.661549,0.577311,-0.54751,-0.163553,-0.53995,-0.379276,-0.120319,-0.122731,-0.423929,0.930872,0
-0.0777651,-0.749993,0.372938,-0.936326,0.606178,-0.245091,-0.743194,0.398595,0.371409,-0.763299,1
0.0898071,-0.973973,0.747305,-0.59337,0.867133,0.196588,0.16276,0.862439,-0.220538,0.768405,1
-0.0104127,-0.558989,0.345717,0.442077,0.277458,0.805767,-0.937199,-0.842861,-0.316965,-0.361128,1
-0.91199,0.60527,-0.111121,0.460949,0.668944,-0.504943,-0.784142,0.92575,0.893652,0.587267,1
-0.837548,-0.0165411,0.613294,0.909756,0.390089,0.480427,0.106345,-0.447151,0.342867,0.885807,1
-0.678746,-0.667546,-0.673183,0.666971,0.774531,0.604275,0.472738,0.837332,0.761414,-0.844227,1
-0.523796,0.849424,0.761043,0.365083,0.310373,0.429987,0.860139,0.526231,0.355738,0.753791,1
0.113498,0.518189,-0.26275,-0.273208,0.427946,-0.872661,-0.792781,-0.465709,-0.319812,0.550086,0
-0.579903,0.00144293,0.88254,-0.253086,-0.331586,0.657071,-0.648811,-0.858848,0.494404,-0.887397,1
-0.703075,0.970608,0.962027,-0.942032,0.33569,0.2724,0.487955,0.19583,-0.201369,-0.156307,1
-0.050379,0.912129,-0.638117,0.686871,-0.361079,0.789829,0.814211,-0.15386,-0.675881,-0.505601,1
-0.603774,-0.255784,0.495842,-0.721233,0.491131,-0.835744,0.935838,0.84232,-0.694592,0.430242,0
0.954923,-0.397668,0.40085,0.916951,-0.3397,-0.26346,0.189351,-0.851744,0.93237,0.987982,0
-0.00805089,-0.118009,0.900112,0.353832,-0.431138,-0.460967,0.14366,-0.616927,0.385173,0.46778,0
-0.122528,0.781399,-0.788004,-0.626686,-0.939834,0.703127,-0.46243,0.996005,0.545447,-0.157023,1
0.426247,0.50037,0.44531,-0.172904,0.417321,-0.89439,0.563636,-0.393328,-0.746134,0.496006,0
-0.405345,0.245815,-0.622004,-0.505234,-0.400353,-0.0531418,0.0337989,0.743307,0.329931,-0.581028,1
0.211087,-0.792598,-0.799629,0.423083,-0.419284,-0.739463,0.126209,0.118286,-0.743458,-0.328344,0
0.961263,0.682788,-0.827973,0.406573,-0.490115,0.589348,0.512183,-0.926479,-0.80398,0.766049,0
0.569527,-0.209325,0.011864,0.947523,0.285441,0.611511,-0.105619,-0.68076,0.354818,-0.775688,1
-0.261788,-0.434095,-0.568286,-0.0614171,0.988988,0.0124305,0.19912,0.115197,-0.869284,0.455662,1
0.786854,-0.90802,0.13845,0.95888,0.498553,0.648335,0.548228,0.0107358,0.721856,0.744248,0
-0.223215,0.291382,-0.465077,0.788649,0.238905,0.820364,0.40016,-0.866714,-0.860396,-0.245022,1
-0.642402,-0.122184,0.320883,-0.210687,0.816399,0.30987,0.801743,0.0155188,-0.574932,0.932459,1
-0.528819,-0.788079,-0.975561,0.609631,-0.829198,0.522992,0.257966,0.71903,-0.466272,-0.0201779,0
0.463278,0.310512,-0.728796,0.998201,0.0991612,0.51011,0.818565,-0.500679,0.643396,0.958169,0
0.254299,-0.999006,-0.164015,-0.424819,-0.209693,-0.347616,0.885052,-0.40795,0.667903,-0.689881,0
-0.475491,-0.860917,-0.477959,-0.451052,0.748715,-0.307158,-0.92806,0.00668091,-0.588128,-0.394332,1
0.986503,0.87515,0.916181,-0.742293,0.873351,0.0153418,0.767817,0.691917,0.514663,0.411213,1
0.650086,-0.231039,0.412207,-0.513929,0.344142,-0.797486,0.138455,0.229194,-0.205436,-0.193643,1
0.539313,0.319073,-0.0545594,-0.938646,0.868022,-0.305845,-0.245804,0.939962,0.700836,0.166068,1
-0.45437,0.687339,0.0412182,-0.538189,0.945047,-0.0854305,0.477152,0.712864,-0.393514,-0.00818503,1
0.124077,-0.743428,0.760776,-0.463716,-0.257357,0.104918,-0.261201,0.881097,-0.665888,0.533363,1
-0.312545,0.873426,-0.147564,0.632895,0.934779,-0.279542,-0.67295,-0.311025,-0.33958,-0.972114,1
0.855043,0.20605,0.715226,-0.103738,0.66786,0.660272,0.810831,0.145013,0.373136,-0.582683,1
-0.863172,-0.502787,-0.326111,0.897604,0.033497,0.416532,0.00252235,0.772296,0.297629,0.336635,1
0.305658,0.985084,0.21006,-0.841906,0.617979,0.14484,-0.121448,0.94503,0.833815,0.538972,1
0.972916,0.688859,-0.254978,0.688142,-0.41488,-0.587118,0.348414,-0.604049,0.557895,-0.27845,0
-0.186731,0.694723,0.218763,0.487158,0.592327,-0.747741,-0.0963099,-0.405151,-0.975445,-0.79868,1
0.931484,0.330213,-0.813596,0.141544,0.488307,0.804383,-0.713616,-0.633141,0.749413,-0.879801,1
0.905831,0.722329,0.809057,-0.349147,0.410471,-0.605823,0.0637347,-0.241115,-0.209871,-0.37837,1
0.480435,0.603398,-0.683648,-0.300803,0.0905558,0.908679,-0.0485434,0.994246,-0.496472,-0.0239884,1
-0.804434,-0.564989,-0.693775,-0.618031,0.576555,0.794532,-0.813648,0.862939,-0.838608,0.935765,1
0.983137,-0.932777,0.658094,0.792195,-0.281924,0.0685649,-0.813628,0.78181,0.82745,-0.023499,1
-0.59656,0.307884,-0.420101,-0.280208,-0.992919,0.670455,-0.371529,-0.0414621,0.664701,0.131998,1
0.934549,0.860266,0.567009,-0.759226,-0.757765,0.143564,-0.964693,-0.571412,0.00650291,-0.803301,1
-0.635647,-0.0103598,-0.736079,-0.977553,-0.218165,-0.018003,0.0910118,-0.0317931,-0.236193,-0.0815385,1
0.944708,0.167247,-0.773654,-0.475393,0.887039,-0.766573,-0.804939,-0.48449,0.191965,0.859762,0
0.647508,0.126514,0.720028,0.214517,0.367289,0.962263,-0.641918,0.402595,-0.609149,0.364584,1
0.599294,-0.244796,-0.645775,0.863215,-0.222349,0.13606,-0.154788,0.868663,-0.895734,0.60902,0
-0.212876,-0.951026,-0.223733,0.0134699,-0.426419,-0.336694,0.246897,-0.231358,0.178816,-0.561138,0
-0.371596,-0.173676,0.565376,-0.651568,-0.959159,-0.0673353,-0.689304,-0.601077,-0.66474,-0.298453,1
0.763507,0.934554,0.456751,-0.882268,0.797769,-0.765598,0.253792,-0.357018,-0.896935,0.358058,1
-0.747999,-0.109811,0.407032,0.0282682,0.903659,0.980613,0.691574,0.150556,-0.250745,-0.12961,1
0.589418,0.37766,0.696715,0.154794,0.726092,0.737556,-0.912542,-0.963212,-0.863521,-0.577282,1
-0.261666,0.899986,-0.642728,-0.804915,-0.982282,-0.844959,-0.570513,0.27151,-0.201977,-0.467448,0
-0.370432,0.0500243,0.422741,-0.9634,-0.921707,0.3264,-0.982787,0.769867,-0.523044,-0.233532,1
-0.359743,-0.933627,-0.855872,-0.663028,0.221167,0.87022,-0.925472,0.308625,0.907007,-0.788994,1
0.731343,-0.354658,-0.889007,-0.911384,-0.159573,-0.871289,-0.756343,0.269914,0.40022,0.04168,0
0.802466,-0.970212,-0.908296,0.225207,-0.933612,-0.830003,-0.448393,-0.916399,0.939864,0.0285625,0
-0.149931,-0.419879,0.0949357,-0.005803,-0.082907,-0.683897,-0.135583,-0.00837934,0.624728,-0.228576,0
0.202627,0.356071,0.416766,0.31362,0.444686,-0.742807,0.44233,0.688344,0.527107,-0.15745,1
-0.269976,0.329573,-0.127662,-0.178272,-0.44522,-0.0612739,-0.00827525,0.106387,0.0223268,-0.0684115,1
-0.86505,0.872396,0.51171,0.229885,-0.133407,-0.571197,0.545988,0.73101,0.420423,0.170715,1
-0.497566,-0.37695,-0.473214,0.919199,0.93667,0.971473,-0.823608,0.379,0.659816,0.703499,1
-0.778449,-0.61016,0.0330723,0.093889,0.211568,0.587853,-0.967385,-0.796707,-0.30576,0.054942,1
0.134881,-0.170811,-0.0726622,-0.353409,-0.940925,0.793931,0.0753933,0.605063,0.52494,-0.504183,1
-0.224222,-0.972626,0.118867,0.302565,0.946573,0.0555369,0.274038,-0.877034,-0.565463,-0.0661461,1
0.826465,-0.343912,0.323694,-0.140463,0.749977,-0.464738,-0.55261,0.782592,-0.261446,0.141629,1
-0.162466,0.873436,0.970819,0.764872,-0.479974,-0.970106,0.558802,0.59542,0.634956,0.0837426,0
-0.908764,-0.589266,0.111117,0.210103,0.713299,0.05769,-0.73436,-0.0126634,0.180656,-0.299823,1
0.921191,0.00712031,0.356265,0.244884,0.866657,0.106241,0.780146,-0.685953,-0.111167,-0.481299,1
0.455676,0.726367,-0.607864,0.426495,0.491239,-0.0878376,0.456389,0.050041,-0.492418,0.0913449,0
-0.866216,-0.401182,0.502079,0.2449,0.808921,0.215379,-0.69741,-0.925439,-0.797285,0.483246,1
-0.225262,-0.876094,-0.509634,-0.868997,0.36879,-0.642976,0.237244,0.148936,-0.328929,-0.873923,1
0.667637,-0.873253,0.852444,-0.940227,0.553242,0.343683,-0.0280644,0.00963077,-0.606276,0.479518,1
-0.899024,-0.472492,-0.921664,0.603055,0.772408,0.887257,-0.181566,-0.925002,0.961818,0.0211488,1
0.558244,-0.263443,0.145055,-0.95139,-0.13244,-0.486155,-0.594366,-0.895196,0.662781,0.0767045,0
-0.769119,0.330418,0.203451,-0.916674,0.390191,-0.243306,0.427009,-0.637873,0.766324,0.820733,1
0.841645,0.8673,-0.651759,0.919981,0.470355,-0.879351,0.807238,-0.711211,-0.804353,0.769056,0
0.309938,0.753891,-0.494387,-0.545008,0.802502,0.373173,-0.0311632,-0.791864,0.477977,-0.368382,1
0.28484,0.708858,0.962036,-0.511709,0.792184,0.352228,0.244985,0.219193,0.714355,0.0113093,1
0.0399256,0.556,-0.121391,0.388166,0.47598,-0.651036,0.508815,0.283218,-0.362247,0.704463,0
0.0522745,0.947691,0.458354,0.557888,-0.597317,0.260856,-0.0689397,0.371519,0.468991,-0.590963,1
-0.996863,-0.246169,-0.882105,0.965174,0.242123,0.910078,0.317401,-0.512892,0.129271,0.0317561,1
0.498417,-0.830804,-0.412244,-0.622974,0.557363,-0.936264,-0.274009,0.0661781,0.346954,0.363744,0
-0.229359,-0.600771,0.311434,-0.771005,0.957116,0.714117,0.48985,-0.111823,0.0856365,-0.0411586,1
0.297214,0.0887739,0.712673,0.415108,0.0539475,-0.0452045,0.325187,-0.628651,0.441903,-0.545542,1
0.403105,-0.0596797,-0.376346,0.990861,0.317347,-0.818983,-0.945403,-0.956663,0.247195,0.401551,0
0.407081,-0.982164,0.80078,-0.281485,-0.75317,0.757896,-0.567368,0.73668,-0.353927,0.518269,1
-0.304478,0.943287,-0.392957,-0.591806,0.358395,0.66099,0.36299,-0.316418,-0.967661,-0.195107,1
0.138039,0.435444,0.745214,0.761693,0.426305,0.0625601,0.94271,0.480901,0.105897,0.189905,1
-0.117548,-0.487022,0.207741,-0.316768,0.231494,0.454571,-0.558872,0.664126,0.191251,0.0872013,1
0.182395,0.886773,0.0304879,0.789438,-0.705032,-0.611117,0.450428,0.657957,0.0724645,0.482767,0
-0.537149,-0.789496,-0.0817893,-0.791936,0.972197,-0.655485,0.270624,0.914908,0.825417,-0.623478,1
0.104813,-0.292131,-0.1105,-0.687446,0.391101,-0.879006,0.767125,0.832229,0.78512,-0.0416237,0
-0.0805693,-0.0324849,-0.154851,0.949919,-0.243047,0.140117,-0.661199,-0.792619,-0.201926,0.411266,0
0.690148,0.260925,0.62177,-0.391641,0.468989,0.593967,-0.0471262,-0.260387,0.508875,-0.22171,1
0.116135,-0.386313,0.486159,-0.994365,-0.0737589,-0.12274,-0.873371,-0.306634,-0.29051,0.911749,1
0.651742,0.62892,-0.120736,-0.503108,0.578839,0.636217,0.637009,0.917641,0.843598,-0.564917,1
0.328907,0.533746,0.696008,-0.0493236,-0.857896,0.164998,-0.455357,0.0949783,0.904611,-0.946482,1
0.873269,0.0207461,-0.332795,0.359428,0.0263813,0.593447,-0.763312,0.15301,-0.713187,-0.053822,1
0.0647593,0.938555,-0.424902,0.944024,-0.564553,-0.846063,0.580241,-0.927544,-0.928422,0.423839,0
-0.492461,0.400485,-0.0424153,-0.796452,-0.648839,0.0996892,0.368545,-0.104196,-0.805332,0.273156,0
-0.0506777,-0.932064,-0.706098,0.616528,0.427364,0.320284,0.209974,0.664052,-0.526706,0.496787,0
-0.38977,0.538053,0.435342,0.185329,0.482077,0.870789,0.339266,0.0623175,0.943244,0.410844,1
-0.513844,-0.549217,-0.188671,0.443741,-0.345669,0.16249,-0.45657,-0.977124,-0.941706,-0.261902,1
0.296033,0.0076164,-0.193966,0.589935,-0.375856,-0.766602,-0.0897812,0.834118,0.897451,0.383513,0
0.330905,-0.492319,-0.078434,-0.233753,0.69301,-0.596357,-0.362965,0.0322762,0.46596,-0.41972,1
-0.55688,0.952116,0.0310631,0.254449,0.395857,0.685394,-0.583061,0.939288,0.708271,-0.524767,1
-0.322615,0.00430318,0.482849,0.483419,-0.405762,-0.893006,0.716817,0.504457,0.941112,0.614268,0
-0.11203,0.272017,-0.878051,0.809536,-0.961736,0.814959,-0.786821,-0.324701,-0.152765,0.679139,0
0.255579,0.290355,0.631255,-0.713358,-0.455196,0.0271127,0.972036,-0.0382565,-0.0335997,0.680307,0
0.436976,0.643785,-0.31539,-0.0801741,0.127204,0.278848,0.0268194,-0.155978,-0.216695,-0.0320687,1
-0.541711,0.671275,-0.760052,-0.419762,0.480811,-0.721788,-0.604803,0.693989,-0.0464887,0.242431,1
0.373128,-0.79091,-0.467213,0.00438338,-0.504268,0.0775912,-0.968504,-0.532232,-0.960665,-0.00210366,0
-0.851925,0.476311,-0.358318,-0.167315,-0.603863,0.768886,-0.888467,0.422956,-0.387092,-0.105162,1
-0.609112,0.0711972,-0.433887,-0.369164,0.651435,-0.953076,-0.0909519,-0.953368,0.740914,0.862559,0
0.289063,0.114042,-0.928351,0.82185,-0.881575,-0.432618,-0.100559,-0.850079,0.0351499,-0.0612241,0
0.147817,0.183225,-0.584913,0.789499,-0.98409,-0.188776,0.558385,-0.872557,-0.765819,-0.828707,0
0.0222815,-0.374932,0.242491,0.588395,0.255904,-0.106074,0.635319,-0.835048,-0.0594423,0.376233,0
-0.972488,-0.770379,-0.509726,-0.900839,-0.948529,-0.391301,-0.333457,-0.0490875,-0.241379,0.701693,0
0.889688,0.906438,-0.115082,-0.695225,0.695937,-0.0991723,0.116,0.254323,0.0282709,0.35018,1
0.425616,-0.949448,0.975248,-0.331893,0.638947,0.231153,0.562032,0.274266,0.396105,-0.49741,1
-0.349501,0.423617,-0.267789,0.140774,0.522778,-0.216317,0.749473,-0.810679,0.734595,-0.491906,1
0.891014,0.624284,-0.585468,-0.224069,0.929059,-0.889531,0.676759,0.0450586,0.364792,-0.29497,0
-0.604761,-0.209592,-0.244418,-0.629513,0.458514,-0.60547,0.60164,0.0205469,0.668796,-0.00225551,0
0.523137,-0.680705,-0.578639,-0.744652,0.460069,0.944139,0.039031,0.209542,-0.86654,-0.226374,1
0.717635,-0.975527,-0.60209,-0.867833,-0.199595,-0.673031,-0.757364,-0.522836,0.372027,0.607428,0
0.182194,0.767266,-0.602164,0.937776,-0.862247,0.85635,-0.667695,0.739392,-0.123103,-0.998899,1
-0.262863,-0.599966,-0.679603,0.158498,-0.344618,0.780465,0.102637,0.694413,-0.0099927,0.236097,0
-0.531961,-0.292357,0.26057,-0.134051,-0.16019,-0.939025,0.192918,0.0824459,-0.461861,-0.435055,0
-0.310126,0.720332,-0.667789,0.0877091,0.658108,-0.530037,-0.0559409,0.990414,-0.790644,0.820956,0
0.991515,-0.0535075,-0.77901,-0.688088,-0.895009,-0.123628,-0.907623,0.207628,-0.429214,0.0823844,0
-0.556275,0.0388251,0.790027,0.704295,0.904774,-0.370163,0.76527,0.0976917,0.712283,-0.696591,1
0.662636,-0.597843,-0.976258,0.994847,0.489866,0.68185,-0.535189,-0.566075,0.672264,-0.325834,1
-0.745119,0.663779,0.620659,-0.524129,0.97569,0.725649,0.352243,-0.931933,-0.066723,0.923029,1
0.150452,0.377002,-0.038146,-0.059521,0.0812969,-0.133372,0.570316,-0.153433,0.96432,0.282599,0
0.149977,0.626956,0.684755,0.173718,0.621803,0.174621,-0.144432,-0.913386,0.608546,-0.472168,1
-0.23922,0.863427,-0.808389,-0.618561,-0.660702,-0.832699,-0.892912,0.691541,-0.764631,0.0403654,0
0.61457,0.38582,-0.582633,-0.423576,-0.6737,0.498664,0.443052,0.896616,-0.654769,0.407371,0
0.179215,0.495208,0.0343276,-0.13603,-0.331074,-0.343869,-0.961409,0.524495,-0.257255,0.647137,0
-0.947673,0.503525,0.510564,-0.756063,0.884964,0.849861,-0.588762,0.992052,0.541402,-0.353393,1
0.0324178,0.155972,-0.967572,0.449785,0.732395,-0.641273,-0.0515509,0.175447,-0.744657,0.293681,0
-0.417182,0.434557,-0.211112,0.617146,-0.701473,0.457815,-0.726723,-0.662881,-0.0176908,0.0160215,1
0.984256,0.0346358,-0.480454,0.49482,0.278573,-0.59549,0.344681,0.689812,-0.603437,-0.113917,0
-0.663581,0.428981,-0.957945,-0.631154,-0.121234,0.77445,-0.272427,0.827215,-0.0501034,-0.017084,1
0.120895,0.532715,-0.582527,0.909784,0.149861,-0.283999,0.367598,0.423137,0.0531192,-0.650092,0
-0.560841,0.0373749,0.384543,-0.0412946,-0.467806,-0.336883,0.363216,0.876875,-0.647072,0.759779,0
-0.237042,-0.310653,0.188759,-0.194987,0.0581929,-0.932475,-0.420538,0.785766,0.89474,0.529359,0
-0.231318,0.0156351,0.0620739,0.186155,-0.0745811,-0.788065,0.902156,-0.706983,0.635072,-0.0447248,0
-0.357075,-0.925769,0.99265,-0.972532,0.0329364,-0.475155,-0.309415,-0.603848,-0.59828,0.0435131,1
-0.844069,0.164678,0.73286,0.34469,0.969691,-0.208947,0.412215,-0.450847,-0.423181,0.306955,1
-0.921488,0.345501,-0.67741,0.140586,-0.468344,0.248009,0.352521,-0.566188,0.541026,-0.012407,0
0.389087,-0.816049,0.061824,0.381738,-0.78858,-0.90524,0.906582,-0.0979952,-0.509087,-0.691698,0
0.945518,-0.353157,0.47298,0.678378,0.991534,0.442671,-0.530569,0.403749,0.991824,0.0462494,1
-0.289297,-0.929664,-0.60825,0.0332935,0.210923,-0.0765935,-0.718698,-0.436557,0.357219,0.822329,0
0.551036,-0.253694,-0.99372,-0.38714,-0.871956,-0.7823,-0.292379,-0.965374,0.119705,0.198533,0
-0.657072,0.0652225,0.845377,0.815908,-0.2564,0.83691,0.258579,0.213031,0.240659,0.250403,1
-0.74072,0.951363,0.320739,-0.34897,-0.015344,-0.468338,0.574437,0.265958,0.0951052,-0.0683443,1
0.0882871,-0.353858,0.677962,0.094567,0.259002,0.806005,0.312267,0.966623,0.840631,-0.568029,1
0.165156,-0.816441,0.497194,0.0105331,0.999467,-0.759206,-0.152557,0.258045,0.453825,-0.911897,1
-0.491552,0.713105,-0.960535,0.829187,-0.635865,0.0241211,-0.639151,0.938572,-0.70992,0.455954,0
-0.129772,0.378367,-0.897904,-0.45181,-0.527066,0.361098,-0.645805,0.7852,0.32772,-0.805173,1
-0.782829,-0.507123,-0.621614,0.714365,0.50341,-0.622148,0.955159,-0.649147,0.635898,0.408984,0
-0.561044,-0.855654,0.122089,-0.521579,0.973533,0.486224,0.502542,-0.665618,0.424797,0.792621,1
0.790336,-0.704975,0.170988,0.892431,-0.156785,0.643921,0.253529,0.19741,0.429122,-0.418751,1
0.392237,0.646293,0.074126,0.770622,0.360658,-0.422464,-0.851525,0.315818,-0.0716112,0.784372,0
-0.275198,0.367344,0.928718,0.84689,0.845765,0.902251,0.333115,0.348307,-0.763367,-0.242088,1
0.140928,-0.973032,0.0529363,-0.688084,0.9194,0.896151,0.955838,0.172929,0.093561,0.384959,1
0.754178,-0.514202,0.0312527,-0.171696,-0.74358,-0.608089,0.40584,-0.595106,0.707729,-0.665771,0
-0.810733,-0.56747,0.701573,-0.882015,-0.720579,0.547338,-0.979764,0.612536,-0.104355,-0.743132,1
-0.629553,-0.963427,-0.716163,0.423383,-0.65151,-0.796764,0.319534,-0.695673,0.376165,-0.586905,0
0.689287,0.130343,-0.101107,-0.279461,0.958648,0.155313,0.112451,0.364487,0.560207,-0.179821,1
0.698716,0.749474,0.25271,0.400289,0.867459,0.53213,-0.052373,0.887694,0.144666,0.843272,1
-0.855438,0.515113,0.879845,-0.571601,-0.0615035,-0.771665,-0.368365,-0.741969,-0.467338,-0.992199,1
-0.328874,-0.778051,0.138144,0.57002,-0.0575117,0.0967917,-0.274667,-0.945061,-0.538721,-0.71446,1
-0.124882,-0.840005,-0.964986,-0.872172,0.560284,0.902473,0.659958,-0.492089,0.790167,-0.195376,1
-0.648817,0.93473,-0.680263,-0.768972,-0.636871,0.258234,-0.540637,-0.00523606,0.516264,-0.00797448,1
0.00256462,-0.812609,0.213974,-0.859291,0.75741,-0.843537,0.2375,-0.517257,-0.788598,0.69878,0
-0.231717,0.0865198,0.858775,-0.196703,0.214348,0.419059,-0.29423,-0.125694,0.92697,-0.504063,1
0.67893,-0.721847,-0.569333,0.998667,-0.490819,-0.206205,0.2569,-0.0314552,0.788559,-0.226835,0
0.96057,-0.208876,-0.0394444,0.174545,-0.0681673,-0.282034,0.331007,-0.830667,0.200709,0.542409,0
0.868113,0.968992,-0.371071,0.726888,-0.22771,0.843276,0.145946,0.47806,-0.282418,0.0729163,1
0.973997,-0.603488,0.351069,-0.595336,-0.604822,0.860251,0.198459,0.652079,-0.171204,-0.0129812,1
-0.574757,-0.210634,0.778143,0.385799,0.963911,-0.290025,-0.896235,0.294918,-0.120691,0.304474,1
-0.162673,-0.252578,0.273466,0.466256,-0.525691,-0.954244,0.309532,0.620256,0.523816,-0.972886,0
-0.306828,0.497813,-0.576374,-0.955759,0.902477,-0.181196,0.904492,0.100936,-0.529117,-0.266713,1
-0.912045,-0.103873,0.522653,0.866098,-0.718074,0.486564,-0.423927,-0.614309,-0.218518,0.455382,1
0.690165,0.618809,-0.797196,-0.0363689,0.0850645,-0.322887,0.00938703,-0.605403,-0.702632,-0.466797,0
-0.578289,-0.00945985,-0.968984,-0.154663,0.0347813,0.933492,0.664141,-0.0607269,0.0344288,-0.864976,1
0.672561,0.122384,0.0311508,0.195214,-0.0115182,0.313076,-0.318222,0.564555,0.698767,0.463259,1
0.0199373,0.388932,0.0820681,0.222741,-0.647437,-0.832867,0.899854,0.36195,-0.438271,-0.802778,0
0.895153,-0.01656,0.187762,0.926168,0.828777,-0.777457,0.859661,0.492918,0.161816,-0.105911,0
0.627942,-0.165623,-0.983527,-0.340907,-0.970409,0.0049552,0.972169,-0.288632,-0.43049,0.670936,0
-0.825372,0.589448,0.0598679,0.256696,-0.187811,0.412431,0.423828,-0.287958,-0.225619,0.985558,1
-0.0907359,-0.330466,-0.0310023,-0.902974,-0.404298,-0.202226,-0.68043,-0.544637,-0.709308,0.481386,0
0.349452,0.918634,-0.684237,0.365926,-0.422274,-0.654646,-0.629119,-0.450105,0.0567222,-0.0596088,0
-0.779169,0.23135,-0.470161,0.280699,-0.511954,0.342028,-0.30687,0.911874,-0.94593,0.467511,0
0.897432,-0.0366661,-0.862955,-0.133571,0.0603601,-0.267253,0.664204,0.37993,0.188109,0.954896,0
-0.138684,-0.462438,0.87353,0.177079,0.903487,-0.548744,0.522432,-0.725632,0.00115109,-0.420845,1
0.214759,0.221982,0.810505,0.744598,-0.497318,-0.70145,0.0866255,0.195812,-0.789576,0.140695,0
-0.336677,-0.892144,-0.895971,-0.199633,-0.0257144,0.164389,0.533114,-0.361511,-0.455681,-0.278777,0
-0.406615,0.405634,0.258785,-0.533085,-0.417287,0.162272,-0.0818295,-0.894854,0.43664,0.919322,1
-0.3157,-0.348601,0.141304,-0.505195,-0.604003,0.643985,-0.206645,0.482623,-0.160203,0.0037793,1
-0.376682,0.50312,0.111635,-0.272653,-0.696513,-0.914079,0.891737,0.836601,-0.275589,-0.563945,0
-0.442176,0.317796,0.84169,0.816609,0.78471,-0.575597,-0.0211183,-0.297119,-0.470451,-0.584478,1
-0.377797,0.213849,0.0669213,0.763507,0.708654,0.462919,0.407492,-0.497991,-0.0544584,-0.752711,1
0.505788,0.56886,0.750409,-0.382577,-0.703793,-0.946104,-0.296656,-0.812056,0.890497,0.427755,0
-0.376001,-0.551679,-0.254449,-0.534311,-0.73507,-0.469739,-0.109908,0.243812,0.233142,0.41964,0
0.659334,0.855344,-0.366511,-0.273745,0.618851,-0.657857,-0.810826,0.026343,-0.155848,0.134716,1
0.273632,-0.650061,-0.296424,0.0240408,-0.0326371,-0.000217219,0.0779364,0.670707,0.187726,-0.0315671,0
0.0984622,0.811725,0.416754,0.844013,-0.722586,0.681684,-0.625726,0.167506,-0.0745037,0.607416,1
-0.412853,-0.41517,0.46276,0.220636,0.311086,0.0816113,0.562779,0.50026,-0.892046,-0.59307,1
-0.365024,0.381586,-0.24313,0.338552,-0.594373,0.724233,-0.661666,0.483564,0.39494,0.526061,1
-0.548003,-0.506598,0.337786,0.86875,-0.662585,0.615201,0.550435,-0.288311,-0.217293,-0.524069,1
-0.680895,0.369853,0.0607612,0.781865,-0.409511,-0.628153,-0.136523,-0.846732,0.872107,-0.0285691,0
-0.439801,-0.492917,-0.646983,0.317069,0.845634,-0.241355,0.0413014,-0.816031,-0.757792,-0.563759,1
0.710029,-0.305795,-0.0703562,0.0478157,-0.437045,0.267059,-0.336984,-0.886611,0.978748,0.445723,0
-0.41068,-0.702147,-0.184423,0.650081,-0.920282,0.406066,-0.978071,-0.0568051,0.559334,0.894036,0
0.914626,-0.880467,-0.598881,-0.732357,0.436601,-0.753247,0.0262877,-0.522097,-0.569278,0.268496,0
-0.0858557,-0.859249,0.9627,0.843788,0.188567,-0.474345,0.110847,0.851583,-0.360955,0.0895953,1
0.297306,0.228365,0.387448,-0.887117,-0.121553,0.467167,0.518949,-0.0996248,-0.589638,0.078283,1
-0.205589,-0.675013,0.197816,0.195529,-0.40737,-0.365583,0.442283,0.618918,0.11232,0.873004,0
-0.112586,-0.973536,-0.986244,-0.149886,0.870252,0.202323,0.37577,-0.0189004,0.053906,-0.985185,1
-0.929305,-0.648788,0.24318,0.458143,-0.535905,-0.878373,-0.07469,0.983044,0.0220017,0.335672,0
0.0613272,0.816413,0.660659,-0.740857,0.0119421,-0.746711,-0.10644,-0.545775,0.872208,-0.99412,1
-0.672771,-0.240379,-0.967655,-0.659015,0.609736,0.902597,0.543307,-0.0144944,-0.116303,-0.402787,1
0.000320293,-0.0456085,-0.0515744,-0.7565,-0.587465,0.412521,-0.634873,0.337845,0.395565,0.387128,1
-0.326484,-0.543108,0.203541,-0.665825,-0.283965,-0.784517,-0.412535,0.609596,-0.330292,-0.540328,1
0.615476,-0.00306331,0.219294,0.64782,0.337921,-0.170971,0.550417,-0.118771,0.814535,-0.565886,1
0.478442,-0.185145,0.388505,-0.573133,0.0583555,0.80104,0.839388,0.423482,0.138885,0.234953,1
-0.189389,0.812401,0.691846,-0.985848,-0.853424,-0.592119,-0.770365,-0.265959,-0.982523,-0.100658,1
0.193713,0.632953,0.896279,-0.586993,0.280773,0.2342,0.242036,-0.16881,-0.884571,0.0565715,1
0.265304,0.593871,0.871427,-0.346191,-0.979262,-0.0702176,-0.54515,0.860127,-0.646735,0.593734,1
0.0950799,0.163875,0.406136,-0.213074,0.178027,0.552712,0.194807,0.407662,-0.713247,0.212284,1
-0.692996,0.480466,-0.154764,-0.796717,0.893473,-0.873991,0.437484,0.13551,-0.0428007,0.552913,1
-0.807919,-0.777497,0.146784,-0.936492,-0.123687,0.167522,-0.00670933,0.331162,0.0276483,0.346555,1
-0.0751031,-0.877272,-0.48957,-0.668968,-0.0903461,0.688457,0.883744,-0.895539,0.096119,-0.829502,1
0.316744,0.403123,0.650964,-0.83802,0.606406,0.544437,-0.712011,0.04389,-0.320053,0.245189,1
-0.403197,-0.127971,0.467692,0.743586,-0.0644631,-0.655995,-0.0888919,0.928828,0.675167,0.938756,0
